JURISDICTION	YEAR	OVERALL CRIME RATE PER 100,000 PEOPLE	OVERALL PERCENT CHANGE PER 100,000 PEOPLE	VIOLENT CRIME RATE PER 100,000 PEOPLE	VIOLENT CRIME RATE PERCENT CHANGE PER 100,000 PEOPLE	PROPERTY CRIME RATE PER 100,000 PEOPLE	PROPERTY CRIME RATE PERCENT CHANGE PER 100,000 PEOPLE	MURDER PER 100,000 PEOPLE	RAPE PER 100,000 PEOPLE	ROBBERY PER 100,000 PEOPLE	AGG. ASSAULT PER 100,000 PEOPLE	B & E PER 100,000 PEOPLE	LARCENY THEFT PER 100,000 PEOPLE	M/V THEFT PER 100,000 PEOPLE	MURDER  RATE PERCENT CHANGE PER 100,000 PEOPLE	RAPE RATE PERCENT CHANGE PER 100,000 PEOPLE	ROBBERY RATE PERCENT CHANGE PER 100,000 PEOPLE	AGG. ASSAULT  RATE PERCENT CHANGE PER 100,000 PEOPLE	B & E RATE PERCENT CHANGE PER 100,000 PEOPLE	LARCENY THEFT  RATE PERCENT CHANGE PER 100,000 PEOPLE	M/V THEFT  RATE PERCENT CHANGE PER 100,000 PEOPLE
Alabama	2006	4361.3		425.2		3936.1		8.3	35.9	153.5	227.6	969.1	2644.3	322.7							
Alabama	2007	4419.5	1.300	448.0	5.300	3971.6	0.900	8.9	33.4	159.9	245.8	979.5	2684.6	307.5	7.200	-6.900	4.100	8.00	1.100	1.500	-4.700
Alabama	2008	4535.8	2.600	452.8	1.100	4082.9	2.800	7.6	34.7	157.6	253.0	1081.3	2713.0	288.7	-14.900	3.900	-1.400	2.900	10.400	1.100	-6.100
Alabama	2009	4222.1	-6.900	449.8	-0.700	3772.4	-7.600	6.9	31.9	132.9	278.1	1037.2	2499.9	235.3	-9.400	-7.900	-15.600	9.900	-4.100	-7.900	-18.500
Alabama	2010	3894.5	-7.800	377.8	-16.00	3516.8	-6.800	5.7	28.2	99.6	244.2	879.4	2415.6	221.8	-16.700	-11.600	-25.100	-12.200	-15.200	-3.400	-5.800
Alabama	2011	4026.1	3.400	420.1	11.200	3606.1	2.500	6.3	28.5	102.2	283.0	1064.3	2319.7	222.0	9.700	1.100	2.600	15.900	21.00	-4.00	0.100
Alabama	2012	3952.1	-1.800	449.9	7.100	3502.2	-2.900	7.1	26.9	104.1	311.8	984.7	2312.8	204.8	13.200	-5.800	1.800	10.200	-7.500	-0.300	-7.800
Alabama	2013	3769.4	-4.600	418.1	-7.100	3351.3	-4.300	7.2	29.5	96.2	285.2	877.8	2254.8	218.7	1.200	9.900	-7.600	-8.500	-10.900	-2.500	6.800
Alabama	2014	3593.3	-4.700	415.7	-0.600	3177.6	-5.200	5.7	29.6	96.9	283.4	819.0	2149.5	209.1	-20.700	0.200	0.800	-0.600	-6.700	-4.700	-4.400
Alabama	2015	3439.3	-4.300	460.4	10.700	2978.9	-6.300	7.2	30.0	94.9	328.3	725.6	2040.7	212.7	25.800	1.200	-2.100	15.800	-11.400	-5.100	1.700
Alabama	2016	3469.2	0.900	521.4	13.200	2947.8	-1.00	8.4	28.5	96.4	388.2	700.5	2006.3	241.1	16.900	-5.00	1.500	18.200	-3.500	-1.700	13.300
Alabama	2017	3481.4	0.400	524.2	0.500	2957.3	0.300	8.3	41.6	86.5	387.8	645.7	2048.1	263.4	-1.00	46.100	-10.200	-0.100	-7.800	2.100	9.300
Alabama	2018	3336.8	-4.200	519.6	-0.900	2817.2	-4.700	7.8	40.8	83.4	387.6	590.1	1958.9	268.3	-5.500	-1.800	-3.600	0.0	-8.600	-4.400	1.800
Alabama	2019	3185.3	-4.500	510.8	-1.700	2674.4	-5.100	7.3	42.2	80.4	381.0	531.9	1886.1	256.5	-6.800	3.300	-3.600	-1.700	-9.900	-3.700	-4.400
Alaska	2006	4292.9		688.0		3604.9		5.4	76.0	90.3	516.4	617.3	2610.2	377.4							
Alaska	2007	4040.7	-5.900	661.2	-3.900	3379.5	-6.300	6.4	77.4	85.3	492.0	538.7	2487.0	353.8	19.800	1.900	-5.500	-4.700	-12.700	-4.700	-6.300
Alaska	2008	3584.2	-11.300	651.9	-1.400	2932.3	-13.200	4.1	64.3	94.0	489.6	472.1	2221.5	238.7	-36.600	-17.00	10.200	-0.500	-12.400	-10.700	-32.500
Alaska	2009	3579.0	-0.100	633.0	-2.900	2946.0	0.500	3.1	73.3	93.8	462.7	515.0	2189.2	241.8	-22.800	14.100	-0.200	-5.500	9.100	-1.500	1.300
Alaska	2010	3491.3	-2.500	638.8	0.900	2852.5	-3.200	4.4	75.0	83.6	475.8	437.2	2187.3	228.0	38.600	2.400	-10.800	2.800	-15.100	-0.100	-5.700
Alaska	2011	3239.3	-7.200	606.5	-5.100	2632.8	-7.700	4.0	58.1	79.7	464.6	391.0	2056.0	185.8	-8.100	-22.600	-4.700	-2.300	-10.600	-6.00	-18.500
Alaska	2012	3342.5	3.200	603.2	-0.500	2739.4	4.00	4.1	79.7	86.1	433.2	403.3	2128.0	208.1	2.200	37.200	8.100	-6.800	3.100	3.500	12.00
Alaska	2013	3487.8	4.300	602.6	-0.100	2885.2	5.300	4.6	87.6	84.9	425.5	396.7	2258.0	230.6	12.800	9.900	-1.400	-1.800	-1.600	6.100	10.800
Alaska	2014	3366.5	-3.500	606.5	0.600	2760.0	-4.300	5.6	75.3	85.4	440.2	427.6	2096.4	236.0	20.300	-14.00	0.600	3.500	7.800	-7.200	2.400
Alaska	2015	3513.8	4.400	696.2	14.800	2817.6	2.100	8.0	88.0	103.1	497.1	475.5	2065.1	277.1	43.600	16.800	20.700	12.900	11.200	-1.500	17.400
Alaska	2016	4117.3	17.200	764.3	9.800	3353.0	19.00	7.0	102.0	114.6	540.6	546.3	2394.7	412.1	-12.300	15.900	11.200	8.800	14.900	16.00	48.700
Alaska	2017	4371.1	6.200	829.0	8.500	3542.1	5.600	8.4	116.7	128.5	575.4	563.8	2402.7	575.6	19.600	14.300	12.200	6.400	3.200	0.300	39.700
Alaska	2018	4185.4	-4.200	885.0	6.700	3300.5	-6.800	6.4	161.6	121.5	595.4	539.6	2219.0	541.9	-24.00	38.600	-5.500	3.500	-4.300	-7.600	-5.900
Alaska	2019	3777.9	-9.700	867.1	-2.00	2910.8	-11.800	9.4	148.7	112.9	596.0	487.1	2066.0	357.7	48.00	-8.00	-7.100	0.100	-9.700	-6.900	-34.00
Arizona	2006	5129.3		501.4		4627.9		7.5	31.5	149.6	312.7	925.3	2813.1	889.5							
Arizona	2007	4896.8	-4.500	482.7	-3.700	4414.0	-4.600	7.4	29.3	151.7	294.3	912.2	2738.4	763.4	-2.100	-7.00	1.400	-5.900	-1.400	-2.700	-14.200
Arizona	2008	4738.0	-3.200	447.0	-7.400	4291.0	-2.800	6.3	25.7	149.2	265.9	868.9	2849.5	572.6	-15.200	-12.100	-1.700	-9.700	-4.700	4.100	-25.00
Arizona	2009	3964.8	-16.300	408.3	-8.700	3556.5	-17.100	5.4	32.0	122.8	248.1	809.8	2352.8	394.0	-14.300	24.300	-17.700	-6.700	-6.800	-17.400	-31.200
Arizona	2010	3942.1	-0.600	408.1	0.0	3534.0	-0.600	6.4	33.9	108.5	259.3	794.3	2403.2	336.5	19.200	5.900	-11.600	4.500	-1.900	2.100	-14.600
Arizona	2011	3960.4	0.500	405.9	-0.500	3554.5	0.600	6.2	34.9	109.9	254.8	847.3	2401.3	305.9	-2.400	3.100	1.300	-1.700	6.700	-0.100	-9.100
Arizona	2012	3968.1	0.200	428.9	5.700	3539.2	-0.400	5.5	34.7	112.7	276.0	807.8	2439.1	292.3	-12.600	-0.500	2.500	8.300	-4.700	1.600	-4.400
Arizona	2013	3804.9	-4.100	405.8	-5.400	3399.1	-4.00	5.4	35.4	101.1	263.9	732.4	2403.5	263.2	-1.400	1.800	-10.300	-4.400	-9.300	-1.500	-10.0
Arizona	2014	3583.8	-5.800	386.3	-4.800	3197.5	-5.900	4.7	36.6	92.8	252.1	647.1	2289.1	261.3	-12.00	3.500	-8.200	-4.500	-11.600	-4.800	-0.700
Arizona	2015	3431.5	-4.200	398.3	3.100	3033.2	-5.100	4.5	33.6	93.1	267.1	555.9	2231.5	245.8	-4.500	-8.200	0.300	5.900	-14.100	-2.500	-5.900
Arizona	2016	3436.4	0.100	458.0	15.00	2978.4	-1.800	5.5	35.4	101.8	315.4	544.4	2168.1	265.8	21.100	5.300	9.300	18.100	-2.100	-2.800	8.100
Arizona	2017	3422.9	-0.400	508.0	10.900	2914.9	-2.100	5.9	51.0	106.0	345.0	536.3	2107.0	271.6	8.100	44.300	4.200	9.400	-1.500	-2.800	2.200
Arizona	2018	3151.7	-7.900	474.9	-6.500	2676.8	-8.200	5.1	50.7	91.0	328.1	439.7	1970.3	266.9	-13.200	-0.600	-14.200	-4.900	-18.00	-6.500	-1.800
Arizona	2019	2895.8	-8.100	455.3	-4.100	2440.5	-8.800	5.0	50.3	88.1	311.9	394.3	1796.9	249.4	-2.500	-0.800	-3.200	-4.900	-10.300	-8.800	-6.600
Arkansas	2006	4519.1		551.6		3967.5		7.3	46.5	98.4	399.4	1139.9	2562.1	265.5							
Arkansas	2007	4482.4	-0.800	529.4	-4.00	3953.1	-0.400	6.7	44.7	106.7	371.2	1131.4	2574.4	247.3	-7.600	-3.900	8.400	-7.100	-0.800	0.500	-6.900
Arkansas	2008	4338.5	-3.200	503.4	-4.900	3835.1	-3.00	5.7	48.9	95.8	353.1	1180.0	2427.1	228.0	-15.800	9.200	-10.200	-4.900	4.300	-5.700	-7.800
Arkansas	2009	4291.4	-1.100	517.7	2.800	3773.7	-1.600	6.2	47.3	89.4	374.8	1203.1	2359.3	211.2	9.200	-3.100	-6.700	6.200	2.00	-2.800	-7.400
Arkansas	2010	4064.2	-5.300	505.3	-2.400	3558.9	-5.700	4.7	45.0	81.3	374.3	1114.9	2253.8	190.1	-23.600	-5.00	-9.00	-0.100	-7.300	-4.500	-10.0
Arkansas	2011	4235.0	4.200	480.9	-4.800	3754.1	5.500	5.5	41.3	82.6	351.5	1173.3	2383.0	197.8	16.500	-8.200	1.600	-6.100	5.200	5.700	4.00
Arkansas	2012	4129.2	-2.500	469.1	-2.500	3660.1	-2.500	5.9	42.3	78.7	342.3	1081.3	2384.7	194.1	6.400	2.400	-4.800	-2.600	-7.800	0.100	-1.900
Arkansas	2013	4048.3	-2.00	445.7	-5.00	3602.6	-1.600	5.4	33.6	76.3	330.5	1030.1	2380.6	191.9	-8.400	-20.600	-3.00	-3.400	-4.700	-0.200	-1.100
Arkansas	2014	3798.6	-6.200	460.6	3.300	3338.0	-7.300	5.6	39.8	69.1	346.0	835.7	2313.5	188.8	3.500	18.800	-9.400	4.700	-18.900	-2.800	-1.600
Arkansas	2015	3751.6	-1.200	500.1	8.600	3251.5	-2.600	6.1	43.7	70.4	380.0	760.2	2297.5	193.8	9.300	9.500	1.900	9.800	-9.00	-0.700	2.600
Arkansas	2016	3799.4	1.300	530.8	6.100	3268.6	0.500	7.2	51.7	70.9	401.0	795.5	2233.6	239.4	18.900	18.400	0.700	5.500	4.600	-2.800	23.500
Arkansas	2017	3633.5	-4.400	554.9	4.500	3078.6	-5.800	8.6	68.3	64.4	413.6	727.7	2109.5	241.4	18.800	32.200	-9.200	3.100	-8.500	-5.600	0.800
Arkansas	2018	3456.6	-4.900	543.6	-2.00	2913.0	-5.400	7.2	72.9	52.9	410.7	636.8	2040.2	236.0	-16.500	6.600	-17.900	-0.700	-12.500	-3.300	-2.200
Arkansas	2019	3442.7	-0.400	584.6	7.500	2858.0	-1.900	8.0	77.2	51.6	447.8	599.6	2012.6	245.9	11.900	6.00	-2.400	9.00	-5.800	-1.400	4.200
California	2006	3703.3		532.5		3170.9		6.8	25.3	194.7	305.7	676.0	1829.1	665.7							
California	2007	3555.6	-4.00	522.6	-1.900	3033.0	-4.300	6.2	24.7	193.0	298.8	648.4	1784.4	600.2	-9.300	-2.400	-0.900	-2.300	-4.100	-2.400	-9.800
California	2008	3444.1	-3.100	503.8	-3.600	2940.3	-3.100	5.8	24.2	188.8	285.0	647.1	1769.4	523.8	-5.700	-1.800	-2.200	-4.600	-0.200	-0.800	-12.700
California	2009	3203.5	-7.00	472.0	-6.300	2731.5	-7.100	5.3	23.6	173.4	269.7	622.6	1665.1	443.8	-8.400	-2.700	-8.100	-5.400	-3.800	-5.900	-15.300
California	2010	3076.4	-4.00	440.6	-6.700	2635.8	-3.500	4.9	22.4	156.0	257.4	614.3	1612.1	409.4	-9.00	-5.100	-10.0	-4.600	-1.300	-3.200	-7.700
California	2011	2994.9	-2.600	411.1	-6.700	2583.8	-2.00	4.8	20.3	144.0	242.0	610.4	1583.8	389.6	-2.100	-9.100	-7.700	-6.00	-0.600	-1.800	-4.800
California	2012	3181.8	6.200	423.1	2.900	2758.7	6.800	5.0	20.6	148.6	248.9	646.1	1669.5	443.2	4.200	1.300	3.100	2.900	5.800	5.400	13.800
California	2013	3054.3	-4.00	396.2	-6.300	2658.1	-3.600	4.6	19.5	139.9	232.3	605.4	1621.5	431.2	-8.00	-5.500	-5.800	-6.700	-6.300	-2.900	-2.700
California	2014	2829.1	-7.400	388.1	-2.100	2441.1	-8.200	4.4	21.6	125.5	236.6	522.3	1527.4	391.3	-3.900	11.200	-10.300	1.900	-13.700	-5.800	-9.200
California	2015	3035.8	7.300	417.6	7.600	2618.3	7.300	4.8	24.0	135.0	253.8	504.3	1677.1	436.8	8.600	10.800	7.600	7.300	-3.500	9.800	11.600
California	2016	2989.3	-1.500	436.3	4.500	2553.0	-2.500	4.9	25.9	139.6	265.9	479.8	1623.0	450.3	3.400	7.800	3.400	4.800	-4.900	-3.200	3.100
California	2017	2946.0	-1.500	449.3	3.00	2496.7	-2.200	4.6	37.2	143.2	264.2	446.9	1623.9	425.9	-5.900	44.00	2.600	-0.600	-6.800	0.100	-5.400
California	2018	2827.8	-4.00	447.4	-0.400	2380.4	-4.700	4.4	39.2	137.3	266.5	416.2	1571.8	392.4	-5.00	5.300	-4.100	0.900	-6.900	-3.200	-7.900
California	2019	2772.4	-2.00	441.2	-1.400	2331.2	-2.100	4.3	37.5	132.4	267.1	386.1	1586.3	358.8	-2.700	-4.400	-3.600	0.200	-7.200	0.900	-8.600
Colorado	2006	3843.0		391.6		3451.3		3.3	43.7	80.7	264.0	682.1	2331.8	437.5							
Colorado	2007	3353.8	-12.700	347.8	-11.200	3006.1	-12.900	3.1	41.1	71.0	232.5	591.4	2069.3	345.4	-5.300	-5.900	-12.00	-11.900	-13.300	-11.300	-21.00
Colorado	2008	3192.1	-4.800	343.1	-1.300	2849.0	-5.200	3.2	42.5	68.1	229.3	572.0	2003.3	273.7	1.00	3.300	-4.100	-1.400	-3.300	-3.200	-20.800
Colorado	2009	3004.0	-5.900	337.8	-1.500	2666.2	-6.400	3.5	44.6	67.4	222.3	530.4	1887.9	247.9	9.600	5.00	-1.100	-3.00	-7.300	-5.800	-9.400
Colorado	2010	3005.0	0.0	320.8	-5.00	2684.2	0.700	2.4	43.7	62.3	212.4	520.0	1940.5	223.6	-31.500	-2.00	-7.600	-4.500	-1.900	2.800	-9.800
Colorado	2011	2926.5	-2.600	320.2	-0.200	2606.3	-2.900	2.9	44.5	64.6	208.1	503.6	1886.8	215.9	22.00	1.900	3.700	-2.00	-3.200	-2.800	-3.500
Colorado	2012	2993.6	2.300	308.9	-3.500	2684.7	3.00	3.1	40.7	65.4	199.6	504.2	1947.4	233.1	7.200	-8.500	1.300	-4.100	0.100	3.200	8.00
Colorado	2013	2949.7	-1.500	291.2	-5.700	2658.5	-1.00	3.4	38.9	59.8	189.1	476.1	1944.5	237.9	8.200	-4.500	-8.600	-5.200	-5.600	-0.100	2.100
Colorado	2014	2822.1	-4.300	291.9	0.300	2530.1	-4.800	2.8	39.6	56.7	192.8	438.2	1857.1	234.8	-16.600	1.800	-5.100	1.900	-7.900	-4.500	-1.300
Colorado	2015	2946.4	4.400	304.9	4.400	2641.5	4.400	3.2	43.6	60.9	197.2	429.8	1918.5	293.2	14.400	10.0	7.300	2.300	-1.900	3.300	24.900
Colorado	2016	3066.4	4.100	325.7	6.800	2740.7	3.800	3.7	47.3	63.7	211.1	431.4	1955.3	354.0	14.200	8.500	4.600	7.100	0.400	1.900	20.700
Colorado	2017	3069.7	0.100	368.1	13.00	2701.6	-1.400	3.9	68.8	68.4	226.9	406.9	1904.9	389.9	7.00	45.600	7.500	7.500	-5.700	-2.600	10.100
Colorado	2018	3068.8	0.0	397.2	7.900	2671.6	-1.100	3.7	71.5	66.7	255.4	375.2	1915.9	380.5	-6.500	3.900	-2.600	12.600	-7.800	0.600	-2.400
Colorado	2019	2971.6	-3.200	381.0	-4.100	2590.7	-3.00	3.8	67.2	63.6	246.3	348.4	1858.3	384.0	2.700	-5.900	-4.600	-3.600	-7.100	-3.00	0.900
Connecticut	2006	2784.9		280.8		2504.1		3.1	18.1	121.0	138.6	419.3	1788.4	296.4							
Connecticut	2007	2655.9	-4.600	256.0	-8.800	2399.9	-4.200	3.0	18.8	103.0	131.2	432.9	1705.2	261.7	-1.800	3.500	-14.900	-5.300	3.300	-4.600	-11.700
Connecticut	2008	2756.6	3.800	297.8	16.300	2458.7	2.500	3.5	19.3	111.6	163.5	428.7	1774.0	256.0	16.100	2.500	8.300	24.600	-1.00	4.00	-2.200
Connecticut	2009	2634.5	-4.400	298.7	0.300	2335.8	-5.00	3.0	18.5	113.4	163.7	428.4	1694.9	212.5	-13.400	-3.900	1.600	0.200	-0.100	-4.500	-17.00
Connecticut	2010	2474.6	-6.100	281.4	-5.800	2193.2	-6.100	3.6	16.3	99.4	162.0	424.5	1581.0	187.7	19.600	-11.800	-12.300	-1.00	-0.900	-6.700	-11.700
Connecticut	2011	2440.2	-1.400	272.8	-3.100	2167.4	-1.200	3.6	19.2	102.7	147.3	437.9	1542.1	187.4	-1.700	17.400	3.300	-9.100	3.200	-2.500	-0.100
Connecticut	2012	2423.0	-0.700	283.0	3.700	2140.0	-1.300	4.1	25.6	102.7	150.6	409.7	1550.7	179.6	13.800	33.600	0.0	2.200	-6.400	0.600	-4.200
Connecticut	2013	2228.6	-8.00	254.5	-10.100	1974.1	-7.800	2.4	18.6	98.2	135.4	358.5	1442.6	173.0	-41.200	-27.400	-4.400	-10.100	-12.500	-7.00	-3.700
Connecticut	2014	2151.5	-3.500	231.1	-9.200	1920.4	-2.700	2.4	15.9	87.8	125.0	332.4	1418.1	169.9	0.0	-14.500	-10.500	-7.700	-7.300	-1.700	-1.800
Connecticut	2015	2025.1	-5.900	213.2	-7.800	1812.0	-5.600	3.3	16.2	80.5	113.1	280.0	1355.5	176.5	36.300	2.100	-8.300	-9.500	-15.800	-4.400	3.900
Connecticut	2016	2029.5	0.200	221.5	3.900	1808.0	-0.200	2.2	15.7	75.6	128.0	280.9	1328.5	198.7	-33.100	-3.200	-6.200	13.200	0.300	-2.00	12.600
Connecticut	2017	1997.9	-1.600	228.0	2.900	1769.9	-2.100	2.8	23.3	78.4	123.4	247.8	1318.5	203.7	30.300	48.700	3.700	-3.600	-11.800	-0.800	2.500
Connecticut	2018	1888.4	-5.500	207.4	-9.00	1681.0	-5.00	2.3	23.5	61.4	120.2	222.5	1251.8	206.7	-18.300	0.800	-21.700	-2.600	-10.200	-5.100	1.500
Connecticut	2019	1610.2	-14.700	183.6	-11.500	1426.6	-15.100	2.9	21.6	54.1	105.0	180.7	1078.7	167.3	25.600	-8.00	-11.900	-12.700	-18.800	-13.800	-19.100
Delaware	2006	4099.5		681.6		3417.9		4.9	46.9	203.3	426.5	725.2	2362.8	329.9							
Delaware	2007	4059.3	-1.00	689.2	1.100	3370.1	-1.400	4.3	38.9	197.3	448.8	733.3	2369.0	267.8	-13.100	-17.100	-3.00	5.200	1.100	0.300	-18.800
Delaware	2008	4288.7	5.700	703.4	2.100	3585.3	6.400	6.5	41.9	210.5	444.4	774.3	2520.0	291.0	52.600	7.900	6.700	-1.00	5.600	6.400	8.700
Delaware	2009	3986.2	-7.100	636.6	-9.500	3349.6	-6.600	4.6	38.2	188.8	405.0	783.2	2351.0	215.5	-29.00	-8.900	-10.300	-8.900	1.200	-6.700	-26.00
Delaware	2010	4069.1	2.100	620.9	-2.500	3448.2	2.900	5.3	34.7	203.7	377.1	836.9	2396.5	214.8	15.400	-9.00	7.900	-6.900	6.900	1.900	-0.300
Delaware	2011	3970.1	-2.400	559.5	-9.900	3410.6	-1.100	4.5	31.9	169.5	353.5	830.2	2411.8	168.7	-15.400	-8.300	-16.800	-6.200	-0.800	0.600	-21.500
Delaware	2012	3888.3	-2.100	547.4	-2.200	3340.9	-2.00	6.2	26.5	162.7	352.0	803.7	2380.6	156.6	37.500	-16.800	-4.00	-0.400	-3.200	-1.300	-7.200
Delaware	2013	3544.6	-8.800	479.1	-12.500	3065.5	-8.200	4.2	28.7	132.4	313.7	662.3	2259.4	143.9	-32.200	8.400	-18.600	-10.900	-17.600	-5.100	-8.100
Delaware	2014	3456.4	-2.500	474.4	-1.00	2982.0	-2.700	5.8	26.6	135.6	306.4	616.5	2230.1	135.4	37.00	-7.400	2.400	-2.300	-6.900	-1.300	-5.900
Delaware	2015	3179.6	-8.00	488.6	3.00	2691.0	-9.800	6.7	25.7	130.6	325.7	504.6	2061.6	124.9	15.400	-3.500	-3.700	6.300	-18.200	-7.600	-7.800
Delaware	2016	3265.6	2.700	499.7	2.300	2766.0	2.800	5.9	23.2	142.7	327.8	527.6	2078.7	159.7	-11.700	-9.600	9.300	0.600	4.600	0.800	27.900
Delaware	2017	2893.9	-11.400	453.4	-9.300	2440.6	-11.800	5.6	34.7	112.5	300.5	412.7	1885.6	142.3	-4.600	49.600	-21.200	-8.300	-21.800	-9.300	-10.900
Delaware	2018	2748.0	-5.00	423.6	-6.600	2324.4	-4.800	5.0	34.9	89.5	294.2	326.5	1845.3	152.6	-11.600	0.700	-20.400	-2.100	-20.900	-2.100	7.200
Delaware	2019	2674.8	-2.700	422.6	-0.200	2252.2	-3.100	4.9	31.8	81.1	304.7	304.8	1782.7	164.7	-0.700	-8.900	-9.400	3.600	-6.700	-3.400	7.900
Florida	2006	4698.1		712.0		3986.1		6.2	35.8	188.8	481.2	944.6	2619.0	422.5							
Florida	2007	4811.9	2.400	722.6	1.500	4089.3	2.600	6.6	33.7	209.1	473.2	996.3	2689.4	403.6	5.400	-5.800	10.800	-1.700	5.500	2.700	-4.500
Florida	2008	4829.7	0.400	688.9	-4.700	4140.8	1.300	6.4	32.6	197.9	452.0	1028.3	2766.0	346.5	-3.200	-3.300	-5.300	-4.500	3.200	2.800	-14.100
Florida	2009	4453.3	-7.800	612.5	-11.100	3840.8	-7.200	5.5	29.7	166.7	410.6	981.1	2588.6	271.1	-13.900	-8.900	-15.700	-9.200	-4.600	-6.400	-21.800
Florida	2010	4100.8	-7.900	542.4	-11.400	3558.4	-7.400	5.2	28.6	138.7	369.8	899.5	2438.4	220.5	-4.300	-3.700	-16.800	-9.900	-8.300	-5.800	-18.700
Florida	2011	4037.2	-1.500	515.3	-5.00	3522.0	-1.00	5.2	27.7	134.4	348.0	892.9	2421.1	207.9	-1.600	-3.200	-3.100	-5.900	-0.700	-0.700	-5.700
Florida	2012	3763.8	-6.800	487.1	-5.500	3276.7	-7.00	5.2	27.2	123.7	330.9	794.9	2288.6	193.2	1.200	-1.600	-8.00	-4.900	-11.00	-5.500	-7.100
Florida	2013	3565.3	-5.300	460.0	-5.500	3105.3	-5.200	5.0	24.1	118.7	312.3	710.5	2216.3	178.6	-4.800	-11.300	-4.100	-5.600	-10.600	-3.200	-7.600
Florida	2014	3943.3	10.600	527.9	14.700	3415.5	10.0	5.8	30.4	125.2	366.4	719.9	2481.5	214.0	16.200	26.00	5.600	17.400	1.300	12.00	19.900
Florida	2015	3264.6	-17.200	451.4	-14.500	2813.2	-17.600	5.1	26.8	104.3	315.2	539.0	2073.6	200.6	-11.100	-11.900	-16.700	-14.00	-25.100	-16.400	-6.300
Florida	2016	3107.1	-4.800	420.3	-6.900	2686.8	-4.500	5.4	26.8	97.9	290.2	486.7	1990.8	209.3	5.00	0.100	-6.100	-7.900	-9.700	-4.00	4.300
Florida	2017	2920.5	-6.00	408.0	-2.900	2512.4	-6.500	5.0	37.8	88.6	276.5	423.4	1884.5	204.5	-6.500	41.100	-9.500	-4.700	-13.00	-5.300	-2.300
Florida	2018	2666.7	-8.700	384.9	-5.700	2281.8	-9.200	5.2	39.6	79.3	260.8	337.7	1750.8	193.3	3.200	4.700	-10.600	-5.700	-20.200	-7.100	-5.500
Florida	2019	2524.1	-5.300	378.4	-1.700	2145.7	-6.00	5.2	39.4	75.5	258.3	295.2	1668.7	181.8	0.500	-0.600	-4.700	-1.00	-12.600	-4.700	-5.900
Georgia	2006	4360.2		471.0		3889.2		6.4	23.2	165.6	275.8	909.0	2519.3	460.9							
Georgia	2007	4394.2	0.800	493.2	4.700	3901.0	0.300	7.5	22.8	181.7	281.2	950.2	2504.6	446.3	17.400	-1.700	9.700	2.00	4.500	-0.600	-3.200
Georgia	2008	4494.4	2.300	478.9	-2.900	4015.5	2.900	6.6	22.7	179.2	270.5	1038.9	2567.5	409.1	-12.700	-0.700	-1.400	-3.800	9.300	2.500	-8.300
Minnesota	2006	3391.5		312.0		3079.5		2.4	31.8	105.1	172.6	583.9	2236.6	258.9							
Georgia	2009	4092.7	-8.900	426.1	-11.00	3666.6	-8.700	5.8	23.4	148.6	248.3	1000.7	2328.7	337.2	-12.300	3.300	-17.100	-8.200	-3.700	-9.300	-17.600
Georgia	2010	4043.8	-1.200	403.3	-5.300	3640.5	-0.700	5.8	21.6	127.7	248.2	998.4	2329.3	312.8	0.0	-7.700	-14.00	0.0	-0.200	0.0	-7.200
Georgia	2011	3999.8	-1.100	373.2	-7.500	3626.5	-0.400	5.6	20.9	123.8	222.9	974.6	2351.7	300.3	-2.00	-3.200	-3.100	-10.200	-2.400	1.00	-4.00
Georgia	2012	3789.5	-5.300	378.9	1.500	3410.6	-6.00	5.9	21.4	125.6	226.0	874.9	2248.0	287.7	3.800	2.400	1.500	1.400	-10.200	-4.400	-4.200
Georgia	2013	3706.3	-2.200	359.7	-5.100	3346.6	-1.900	5.6	19.9	125.0	209.3	823.2	2254.9	268.5	-5.00	-7.300	-0.500	-7.400	-5.900	0.300	-6.700
Georgia	2014	3649.7	-1.500	368.5	2.400	3281.2	-2.00	5.7	21.4	123.0	218.4	756.9	2258.4	266.0	3.200	7.700	-1.600	4.300	-8.100	0.200	-0.900
Georgia	2015	3391.5	-7.100	369.2	0.200	3022.3	-7.900	6.0	22.5	119.9	220.8	649.8	2113.3	259.2	4.800	5.100	-2.500	1.100	-14.200	-6.400	-2.500
Georgia	2016	3392.5	0.0	388.0	5.100	3004.5	-0.600	6.6	24.5	118.4	238.5	614.4	2130.1	259.9	9.700	9.100	-1.300	8.00	-5.400	0.800	0.300
Georgia	2017	3217.4	-5.200	357.2	-7.900	2860.2	-4.800	6.7	26.1	96.3	228.1	530.9	2077.4	251.8	2.100	6.300	-18.600	-4.400	-13.600	-2.500	-3.100
Georgia	2018	2900.3	-9.900	326.6	-8.600	2573.7	-10.0	6.1	25.2	78.7	216.6	431.3	1907.0	235.4	-9.500	-3.300	-18.300	-5.100	-18.800	-8.200	-6.500
Georgia	2019	2716.5	-6.300	340.7	4.300	2375.8	-7.700	6.2	27.5	75.0	232.0	372.1	1779.8	223.9	0.900	9.200	-4.700	7.100	-13.700	-6.700	-4.900
Hawaii	2006	4511.6		281.2		4230.4		1.6	27.6	88.9	163.0	677.5	2949.1	603.9							
Hawaii	2007	4498.2	-0.300	272.8	-3.00	4225.4	-0.100	1.7	25.4	86.1	159.6	708.8	2993.3	523.2	4.900	-8.00	-3.200	-2.100	4.600	1.500	-13.400
Hawaii	2008	3843.8	-14.500	272.6	-0.100	3571.2	-15.500	1.9	28.3	84.3	158.1	728.1	2444.7	398.5	13.200	11.500	-2.100	-1.00	2.700	-18.300	-23.800
Hawaii	2009	3936.0	2.400	274.8	0.800	3661.2	2.500	1.7	30.3	79.8	163.0	708.6	2580.5	372.1	-12.500	6.800	-5.300	3.100	-2.700	5.600	-6.600
Hawaii	2010	3576.9	-9.100	262.7	-4.400	3314.2	-9.500	1.8	26.8	77.5	156.7	636.8	2302.4	374.9	3.900	-11.300	-2.900	-3.900	-10.100	-10.800	0.800
Hawaii	2011	3625.1	1.300	287.2	9.300	3337.8	0.700	1.2	31.6	75.8	178.6	728.0	2305.6	304.3	-29.900	17.600	-2.200	14.00	14.300	0.100	-18.800
Hawaii	2012	3314.4	-8.600	239.2	-16.700	3075.2	-7.900	2.1	20.5	74.7	141.9	573.1	2243.2	258.9	68.400	-35.200	-1.400	-20.600	-21.300	-2.700	-14.900
Hawaii	2013	3298.9	-0.500	245.3	2.600	3053.7	-0.700	1.5	21.1	80.6	142.2	536.5	2254.8	262.4	-28.200	3.00	7.800	0.200	-6.400	0.500	1.300
Hawaii	2014	3300.0	0.0	250.0	1.900	3050.0	-0.100	1.8	22.1	78.0	148.1	547.9	2228.9	273.3	22.500	4.900	-3.200	4.200	2.100	-1.100	4.100
Hawaii	2015	4078.4	23.600	282.2	12.900	3796.2	24.500	1.3	27.9	84.0	168.9	458.0	2934.5	403.7	-27.500	26.300	7.800	14.100	-16.400	31.700	47.700
Hawaii	2016	3289.9	-19.300	297.2	5.300	2992.7	-21.200	2.5	31.3	69.6	193.8	421.2	2175.8	395.8	84.600	12.00	-17.200	14.800	-8.00	-25.900	-2.00
Hawaii	2017	3080.1	-6.400	250.6	-15.700	2829.5	-5.500	2.7	39.7	75.4	132.7	388.7	2071.7	369.1	11.500	26.900	8.400	-31.600	-7.700	-4.800	-6.700
Hawaii	2018	3118.9	1.300	248.6	-0.800	2870.3	1.400	2.5	44.0	66.6	135.5	396.4	2076.2	397.7	-7.200	10.800	-11.700	2.100	2.00	0.200	7.700
Hawaii	2019	3126.7	0.200	285.5	14.800	2841.2	-1.00	3.4	54.0	79.9	148.2	377.2	2093.0	371.1	33.800	22.800	19.900	9.300	-4.900	0.800	-6.700
Idaho	2006	2666.0		247.2		2418.8		2.5	40.0	20.5	184.2	513.2	1740.0	165.6							
Idaho	2007	2485.9	-6.800	239.4	-3.200	2246.6	-7.100	3.3	38.5	15.5	182.0	465.3	1632.8	148.5	33.100	-3.700	-24.300	-1.200	-9.300	-6.200	-10.400
Idaho	2008	2329.8	-6.300	228.6	-4.500	2101.2	-6.500	1.5	36.2	15.8	175.1	439.8	1552.0	109.5	-53.800	-6.200	1.800	-3.800	-5.500	-4.900	-26.300
Idaho	2009	2217.0	-4.800	228.4	-0.100	1988.7	-5.400	1.4	35.7	15.8	175.4	424.2	1471.1	93.3	-5.700	-1.200	0.200	0.200	-3.500	-5.200	-14.800
Idaho	2010	2216.9	0.0	221.0	-3.200	1995.8	0.400	1.3	33.5	13.7	172.6	414.8	1496.7	84.3	-5.900	-6.200	-13.900	-1.600	-2.200	1.700	-9.600
Idaho	2011	2269.5	2.400	200.9	-9.100	2068.6	3.600	2.3	27.4	11.6	159.6	436.6	1547.9	84.1	69.500	-18.100	-15.00	-7.500	5.300	3.400	-0.300
Idaho	2012	2191.4	-3.400	207.9	3.500	1983.5	-4.100	1.8	30.0	15.2	160.9	450.3	1447.7	85.5	-20.0	9.400	31.200	0.800	3.100	-6.500	1.600
Idaho	2013	2069.0	-5.600	204.7	-1.600	1864.3	-6.00	1.7	28.3	13.6	161.0	411.9	1357.1	95.3	-7.800	-5.600	-10.400	0.100	-8.500	-6.300	11.500
Idaho	2014	2058.4	-0.500	203.6	-0.600	1854.8	-0.500	2.0	28.6	12.5	160.5	393.3	1359.9	101.6	16.900	1.00	-8.500	-0.300	-4.500	0.200	6.700
Idaho	2015	1949.6	-5.300	205.9	1.100	1743.8	-6.00	1.9	32.2	11.6	160.1	370.0	1260.7	113.1	-1.200	12.500	-7.00	-0.200	-5.900	-7.300	11.200
Idaho	2016	1963.2	0.700	219.0	6.400	1744.2	0.0	2.9	31.4	12.7	172.0	375.4	1245.4	123.4	50.600	-2.400	9.100	7.400	1.400	-1.200	9.100
Idaho	2017	1861.9	-5.200	226.4	3.400	1635.4	-6.200	1.9	41.2	11.4	172.0	329.4	1181.1	125.0	-36.00	31.00	-9.800	0.0	-12.300	-5.200	1.300
Idaho	2018	1688.5	-9.300	227.1	0.300	1461.4	-10.600	2.0	45.1	11.4	168.6	281.6	1067.8	112.0	7.100	9.500	-0.100	-2.00	-14.500	-9.600	-10.400
Idaho	2019	1443.3	-14.500	223.8	-1.400	1219.5	-16.600	2.0	45.3	8.7	167.9	219.7	911.8	87.9	-1.800	0.400	-23.900	-0.400	-22.00	-14.600	-21.500
Illinois	2006	3561.2		541.6		3019.6		6.1	31.8	185.3	318.4	602.1	2124.2	293.3							
Illinois	2007	3469.0	-2.600	533.2	-1.600	2935.8	-2.800	5.9	31.9	179.7	315.7	587.6	2084.5	263.7	-3.700	0.500	-3.00	-0.900	-2.400	-1.900	-10.100
Illinois	2008	3458.0	-0.300	525.4	-1.500	2932.6	-0.100	6.1	31.9	186.4	300.9	612.1	2068.1	252.5	4.700	0.0	3.700	-4.700	4.200	-0.800	-4.200
Illinois	2009	3234.1	-6.500	497.2	-5.400	2736.9	-6.700	6.0	30.2	177.6	283.4	603.0	1927.3	206.6	-2.200	-5.300	-4.800	-5.800	-1.500	-6.800	-18.200
Illinois	2010	3116.2	-3.600	435.2	-12.500	2681.0	-2.00	5.5	23.6	156.3	249.7	587.6	1868.9	224.4	-8.100	-21.800	-12.00	-11.900	-2.500	-3.00	8.600
Illinois	2011	3118.1	0.100	429.3	-1.400	2688.8	0.300	5.6	28.8	157.4	237.5	604.1	1861.1	223.5	1.800	21.900	0.700	-4.900	2.800	-0.400	-0.400
Illinois	2012	2993.5	-4.00	414.8	-3.400	2578.7	-4.100	5.8	27.7	151.2	230.0	552.2	1826.9	199.5	3.100	-3.800	-3.900	-3.100	-8.600	-1.800	-10.700
Illinois	2013	2646.8	-11.600	372.5	-10.200	2274.3	-11.800	5.5	25.4	137.6	204.0	452.1	1659.8	162.5	-5.200	-8.300	-9.00	-11.300	-18.100	-9.200	-18.600
Illinois	2014	2437.5	-7.900	361.7	-2.900	2075.9	-8.700	5.3	23.9	118.8	213.7	388.2	1552.2	135.5	-3.00	-5.900	-13.700	4.700	-14.100	-6.500	-16.600
Illinois	2015	2362.5	-3.100	373.9	3.400	1988.6	-4.200	5.8	27.6	115.9	224.6	361.1	1490.2	137.3	8.800	15.400	-2.400	5.100	-7.00	-4.00	1.300
Illinois	2016	2475.4	4.800	426.4	14.00	2049.0	3.00	8.2	28.4	139.3	250.5	374.9	1518.6	155.5	42.300	2.900	20.100	11.500	3.800	1.900	13.300
Illinois	2017	2450.2	-1.00	438.8	2.900	2011.4	-1.800	7.8	43.4	137.2	250.4	339.5	1508.8	163.1	-5.400	52.800	-1.500	0.0	-9.400	-0.600	4.900
Illinois	2018	2337.0	-4.600	404.1	-7.900	1932.8	-3.900	6.9	46.0	111.5	239.7	306.7	1472.3	153.8	-10.900	6.00	-18.700	-4.300	-9.600	-2.400	-5.700
Illinois	2019	2253.4	-3.600	406.9	0.700	1846.5	-4.500	6.6	48.0	98.4	254.0	271.7	1426.6	148.2	-5.400	4.300	-11.800	6.00	-11.400	-3.100	-3.700
Indiana	2006	3817.3		314.8		3502.4		5.8	29.1	114.7	165.2	731.3	2424.8	346.3							
Indiana	2007	3730.2	-2.300	333.6	6.00	3396.6	-3.00	5.6	27.5	124.1	176.4	739.4	2349.0	308.2	-4.00	-5.500	8.100	6.800	1.100	-3.100	-11.00
Indiana	2008	3669.5	-1.600	333.8	0.100	3335.8	-1.800	5.1	27.0	118.1	183.5	762.8	2299.2	273.7	-8.600	-1.800	-4.800	4.00	3.200	-2.100	-11.200
Indiana	2009	3449.5	-6.00	333.2	-0.200	3116.2	-6.600	4.8	25.5	114.5	188.4	761.5	2138.7	216.1	-5.900	-5.300	-3.100	2.700	-0.200	-7.00	-21.100
Indiana	2010	3356.8	-2.700	314.5	-5.600	3042.4	-2.400	4.5	27.2	95.9	186.9	726.7	2113.4	202.3	-6.700	6.400	-16.200	-0.800	-4.600	-1.200	-6.400
Indiana	2011	3493.7	4.100	331.8	5.500	3161.8	3.900	4.8	27.0	107.1	193.0	775.7	2158.8	227.3	6.300	-0.700	11.600	3.300	6.700	2.100	12.400
Indiana	2012	3375.0	-3.400	345.7	4.200	3029.2	-4.200	4.7	25.5	100.9	214.6	728.3	2092.0	209.0	-1.00	-5.400	-5.700	11.200	-6.100	-3.100	-8.100
Indiana	2013	3203.9	-5.100	349.9	1.200	2854.0	-5.800	5.4	25.0	108.2	211.3	653.0	1984.9	216.2	13.900	-1.800	7.200	-1.500	-10.300	-5.100	3.400
Indiana	2014	3006.0	-6.200	356.7	1.900	2649.4	-7.200	5.0	24.5	104.5	222.6	559.3	1880.0	210.1	-7.400	-2.300	-3.400	5.400	-14.400	-5.300	-2.800
Indiana	2015	2974.2	-1.100	378.2	6.100	2596.0	-2.00	5.6	27.0	107.4	238.2	519.8	1872.0	204.2	12.600	10.400	2.700	7.00	-7.100	-0.400	-2.800
Indiana	2016	2984.4	0.300	394.9	4.400	2589.4	-0.300	6.6	27.9	110.5	249.9	514.0	1853.3	222.1	17.500	3.300	2.900	4.900	-1.100	-1.00	8.700
Indiana	2017	2815.9	-5.600	399.0	1.00	2416.9	-6.700	6.0	39.4	99.0	254.6	452.1	1733.8	231.0	-10.0	41.100	-10.400	1.900	-12.100	-6.400	4.00
Indiana	2018	2561.6	-9.00	382.3	-4.200	2179.3	-9.800	6.5	35.4	88.7	251.6	377.6	1572.7	229.1	9.900	-10.100	-10.400	-1.200	-16.500	-9.300	-0.800
Indiana	2019	2341.9	-8.600	370.8	-3.00	1971.0	-9.600	5.6	36.8	79.2	249.3	323.7	1443.4	203.8	-14.400	3.800	-10.800	-0.900	-14.300	-8.200	-11.00
Iowa	2006	3086.2		283.5		2802.7		1.8	27.8	43.5	210.4	604.2	2030.7	167.9							
Iowa	2007	2910.2	-5.700	294.7	3.900	2615.6	-6.700	1.2	30.3	43.9	219.2	567.0	1885.1	163.5	-32.900	9.00	1.00	4.200	-6.200	-7.200	-2.600
Iowa	2008	2704.7	-7.100	283.8	-3.700	2420.9	-7.400	2.5	29.6	41.6	210.1	547.9	1728.8	144.3	104.400	-2.200	-5.400	-4.200	-3.400	-8.300	-11.700
Iowa	2009	2587.8	-4.300	279.2	-1.600	2308.7	-4.600	1.1	28.4	39.7	210.0	539.4	1640.0	129.3	-55.300	-4.100	-4.400	-0.100	-1.500	-5.100	-10.400
Iowa	2010	2516.1	-2.800	273.5	-2.00	2242.5	-2.900	1.3	27.4	33.2	211.6	546.8	1571.8	124.0	13.300	-3.200	-16.500	0.800	1.400	-4.200	-4.100
Iowa	2011	2585.9	2.800	255.6	-6.600	2330.3	3.900	1.5	27.2	26.9	199.9	568.2	1633.6	128.5	17.300	-0.800	-18.800	-5.600	3.900	3.900	3.700
Iowa	2012	2535.7	-1.900	263.9	3.300	2271.8	-2.500	1.5	28.3	31.3	202.8	556.1	1584.8	130.9	-2.600	4.00	16.200	1.500	-2.100	-3.00	1.800
Iowa	2013	2454.8	-3.200	260.9	-1.100	2193.9	-3.400	1.4	24.5	30.4	204.6	513.5	1543.0	137.4	-4.900	-13.500	-2.900	0.900	-7.700	-2.600	5.00
Iowa	2014	2357.6	-4.00	263.8	1.100	2093.8	-4.600	1.9	26.6	33.6	201.6	464.4	1495.8	133.6	38.800	8.800	10.700	-1.500	-9.600	-3.100	-2.800
Iowa	2015	2323.6	-1.400	276.3	4.700	2047.3	-2.200	2.3	27.2	33.5	213.2	476.7	1431.6	139.0	19.400	2.200	-0.300	5.800	2.700	-4.300	4.00
Iowa	2016	2366.3	1.800	280.3	1.400	2086.0	1.900	2.3	29.4	36.6	212.0	479.5	1447.6	159.0	-1.700	8.00	9.300	-0.600	0.600	1.100	14.400
Iowa	2017	2418.7	2.200	293.4	4.700	2125.3	1.900	3.3	39.2	39.8	211.0	479.3	1468.6	177.4	46.00	33.400	8.800	-0.400	0.0	1.500	11.600
Iowa	2018	1941.5	-19.700	250.1	-14.800	1691.5	-20.400	1.7	30.9	29.5	187.9	352.6	1190.4	148.5	-48.200	-21.200	-25.900	-11.00	-26.400	-18.900	-16.300
Iowa	2019	2000.2	3.00	266.6	6.600	1733.7	2.500	1.9	36.9	27.4	200.4	371.1	1199.6	163.0	11.100	19.300	-7.400	6.600	5.300	0.800	9.700
Kansas	2006	4175.2		425.0		3750.2		4.6	44.8	67.9	307.7	723.3	2712.0	314.9							
Kansas	2007	4131.3	-1.100	452.7	6.500	3678.7	-1.900	3.9	44.3	72.6	331.8	729.9	2640.2	308.5	-16.100	-1.00	6.900	7.800	0.900	-2.600	-2.00
Kansas	2008	3787.8	-8.300	410.6	-9.300	3377.2	-8.200	4.0	42.5	60.1	304.0	699.9	2413.4	263.9	4.600	-4.200	-17.200	-8.400	-4.100	-8.600	-14.500
Kansas	2009	3607.9	-4.700	400.1	-2.600	3207.8	-5.00	4.2	38.9	63.4	293.6	690.7	2305.9	211.2	4.700	-8.400	5.400	-3.400	-1.300	-4.500	-20.0
Kansas	2010	3489.0	-3.300	369.1	-7.700	3119.9	-2.700	3.5	38.8	54.1	272.7	680.1	2229.2	210.6	-17.00	-0.200	-14.600	-7.100	-1.500	-3.300	-0.300
Kansas	2011	3434.1	-1.600	353.9	-4.100	3080.1	-1.300	3.8	37.8	50.8	261.5	654.4	2193.2	232.5	9.300	-2.600	-6.100	-4.100	-3.800	-1.600	10.400
Kansas	2012	3497.8	1.900	354.6	0.200	3143.2	2.00	2.9	36.5	52.0	263.2	650.3	2258.0	234.9	-24.00	-3.400	2.300	0.600	-0.600	3.00	1.00
Kansas	2013	3274.3	-6.400	327.5	-7.600	2946.8	-6.200	3.9	28.9	46.6	248.1	600.4	2117.0	229.5	33.00	-20.900	-10.300	-5.700	-7.700	-6.200	-2.300
Kansas	2014	3072.2	-6.200	337.0	2.900	2735.2	-7.200	3.1	37.0	46.9	250.0	545.0	1952.4	237.8	-19.00	28.300	0.500	0.700	-9.200	-7.800	3.600
Kansas	2015	3097.5	0.800	377.4	12.00	2720.1	-0.600	4.4	43.0	62.4	267.6	527.6	1953.5	238.9	40.300	16.100	33.100	7.100	-3.200	0.100	0.500
Kansas	2016	3064.2	-1.100	368.7	-2.300	2695.5	-0.900	3.8	33.4	57.5	274.0	494.1	1962.9	238.6	-13.200	-22.300	-7.900	2.400	-6.400	0.500	-0.100
Kansas	2017	3213.8	4.900	413.0	12.00	2800.9	3.900	5.5	55.9	61.3	290.3	478.2	2053.3	269.3	43.900	67.200	6.600	6.00	-3.200	4.600	12.900
Kansas	2018	3072.9	-4.400	439.0	6.300	2633.9	-6.00	3.9	53.8	53.0	328.3	430.6	1933.9	269.4	-29.300	-3.600	-13.500	13.100	-10.0	-5.800	0.0
Kansas	2019	2725.3	-11.300	410.8	-6.400	2314.5	-12.100	3.6	48.6	44.4	314.2	342.7	1721.9	249.9	-7.100	-9.700	-16.300	-4.300	-20.400	-11.00	-7.300
Kentucky	2006	2807.5		263.0		2544.5		4.0	30.8	86.2	142.0	644.8	1679.9	219.8							
Kentucky	2007	2813.3	0.200	295.0	12.200	2518.3	-1.00	4.8	32.6	95.9	161.7	652.7	1661.1	204.5	20.400	5.600	11.300	13.900	1.200	-1.100	-6.900
Kentucky	2008	2880.1	2.400	296.2	0.400	2583.9	2.600	4.6	33.0	93.8	164.8	675.5	1728.8	179.6	-3.600	1.300	-2.200	1.900	3.500	4.100	-12.200
Kentucky	2009	2771.4	-3.800	258.7	-12.700	2512.7	-2.800	4.1	35.0	84.1	135.4	688.5	1683.3	140.9	-11.00	6.100	-10.300	-17.800	1.900	-2.600	-21.500
Kentucky	2010	2793.9	0.800	242.6	-6.200	2551.3	1.500	4.3	31.8	86.4	120.1	698.5	1709.7	143.1	4.400	-9.00	2.700	-11.300	1.500	1.600	1.500
Kentucky	2011	2947.0	5.500	238.2	-1.800	2708.8	6.200	3.5	33.5	84.5	116.7	745.0	1811.1	152.7	-18.700	5.200	-2.100	-2.900	6.700	5.900	6.700
Kentucky	2012	2775.5	-5.800	222.6	-6.500	2552.9	-5.800	4.5	29.0	80.7	108.4	675.4	1725.2	152.2	27.100	-13.300	-4.500	-7.00	-9.300	-4.700	-0.300
Kentucky	2013	2561.7	-7.700	198.8	-10.700	2362.9	-7.400	3.8	25.6	73.9	95.5	596.4	1629.3	137.2	-14.600	-11.800	-8.500	-11.900	-11.700	-5.600	-9.800
Kentucky	2014	2445.9	-4.500	199.0	0.100	2246.9	-4.900	3.6	20.0	75.6	99.8	526.7	1577.1	143.2	-4.600	-21.900	2.300	4.500	-11.700	-3.200	4.300
Kentucky	2015	2385.1	-2.500	207.5	4.300	2177.6	-3.100	4.7	22.5	74.7	105.5	503.0	1498.7	175.9	30.300	12.600	-1.100	5.700	-4.500	-5.00	22.800
Kentucky	2016	2411.5	1.100	221.8	6.900	2189.7	0.600	5.9	26.5	75.9	113.5	469.6	1497.4	222.8	24.100	17.400	1.600	7.600	-6.700	-0.100	26.700
Kentucky	2017	2354.8	-2.400	225.8	1.800	2129.1	-2.800	5.9	37.3	66.4	116.2	453.4	1445.7	230.0	0.800	40.900	-12.500	2.300	-3.400	-3.500	3.200
Kentucky	2018	2174.4	-7.700	211.9	-6.200	1962.6	-7.800	5.5	38.2	55.0	113.2	384.7	1348.2	229.6	-7.500	2.400	-17.200	-2.500	-15.200	-6.700	-0.200
Kentucky	2019	2114.5	-2.800	217.1	2.500	1897.4	-3.300	4.9	35.2	48.4	128.6	345.7	1323.5	228.2	-9.400	-7.900	-12.00	13.600	-10.100	-1.800	-0.600
Louisiana	2006	4691.4		697.8		3993.7		12.4	36.4	133.6	515.4	1049.2	2579.7	364.8							
Louisiana	2007	4805.5	2.400	729.5	4.500	4076.0	2.100	14.2	32.4	141.7	541.2	1038.9	2683.5	353.6	14.600	-10.900	6.00	5.00	-1.00	4.00	-3.100
Louisiana	2008	4479.3	-6.800	656.2	-10.0	3823.1	-6.200	11.9	27.9	135.9	480.4	982.1	2529.4	311.6	-15.600	-13.900	-4.100	-11.200	-5.500	-5.700	-11.900
Louisiana	2009	4414.6	-1.400	620.0	-5.500	3794.6	-0.700	11.8	30.3	135.9	442.0	1029.5	2504.3	260.8	-1.300	8.300	0.0	-8.00	4.800	-1.00	-16.300
Louisiana	2010	4196.5	-4.900	549.0	-11.500	3647.5	-3.900	11.2	27.2	114.9	395.6	1002.2	2427.1	218.2	-4.700	-10.100	-15.400	-10.500	-2.600	-3.100	-16.300
Louisiana	2011	4243.9	1.100	555.3	1.200	3688.5	1.100	11.2	27.7	114.5	401.9	1012.5	2476.6	199.4	-0.300	1.900	-0.400	1.600	1.00	2.00	-8.600
Louisiana	2012	4037.6	-4.900	496.9	-10.500	3540.6	-4.00	10.8	25.2	119.0	342.0	915.7	2453.7	171.3	-4.100	-9.200	3.900	-14.900	-9.600	-0.900	-14.100
Louisiana	2013	4092.4	1.400	510.4	2.700	3582.0	1.200	10.8	26.9	119.9	352.8	890.4	2493.6	198.0	0.100	6.900	0.800	3.200	-2.800	1.600	15.600
Louisiana	2014	3965.3	-3.100	506.5	-0.800	3458.8	-3.400	10.3	21.3	122.5	352.4	824.5	2421.6	212.7	-4.700	-20.700	2.100	-0.100	-7.400	-2.900	7.400
Louisiana	2015	3883.2	-2.100	529.8	4.600	3353.4	-3.00	10.3	27.0	118.8	373.7	759.0	2385.8	208.6	0.400	26.400	-3.00	6.00	-7.900	-1.500	-2.00
Louisiana	2016	3853.3	-0.800	555.7	4.900	3297.7	-1.700	11.8	28.4	119.1	396.4	740.5	2336.3	220.8	14.900	5.200	0.200	6.100	-2.400	-2.100	5.900
Louisiana	2017	3923.8	1.800	557.0	0.200	3366.8	2.100	12.4	39.9	114.4	390.3	731.5	2401.3	234.0	5.00	40.500	-4.00	-1.500	-1.200	2.800	6.00
Louisiana	2018	3813.5	-2.800	537.5	-3.500	3276.0	-2.700	11.4	44.7	98.0	383.4	668.1	2360.4	247.6	-8.500	12.300	-14.300	-1.800	-8.700	-1.700	5.800
Louisiana	2019	3711.3	-2.700	549.3	2.200	3162.0	-3.500	11.7	48.9	86.6	402.1	579.0	2352.4	230.5	2.900	9.300	-11.700	4.900	-13.300	-0.300	-6.900
Maine	2006	2634.1		115.5		2518.7		1.7	25.7	29.1	59.0	512.9	1904.3	101.4							
Maine	2007	2546.8	-3.300	118.0	2.200	2428.8	-3.600	1.6	29.7	26.5	60.2	506.8	1826.4	95.6	-8.400	15.700	-8.800	2.00	-1.200	-4.100	-5.700
Maine	2008	2569.9	0.900	117.5	-0.400	2452.4	1.00	2.4	28.5	25.3	61.4	495.4	1867.7	89.3	47.700	-4.00	-4.500	1.900	-2.300	2.300	-6.500
Maine	2009	2523.2	-1.800	119.8	1.900	2403.5	-2.00	2.0	28.5	30.3	59.0	510.4	1815.7	77.4	-16.200	0.100	19.700	-3.800	3.00	-2.800	-13.300
Maine	2010	2601.3	3.100	122.0	1.900	2479.3	3.200	1.8	29.3	31.2	59.8	554.0	1850.8	74.5	-8.400	2.700	3.00	1.300	8.600	1.900	-3.800
Maine	2011	2668.7	2.600	123.2	0.900	2545.5	2.700	2.0	29.6	27.8	63.8	591.3	1873.0	81.2	8.300	1.00	-10.900	6.800	6.700	1.200	8.900
Maine	2012	2632.6	-1.400	122.7	-0.400	2509.9	-1.400	1.9	28.0	31.8	61.0	561.3	1873.7	74.9	-3.900	-5.400	14.500	-4.400	-5.100	0.0	-7.800
Maine	2013	2413.8	-8.300	121.6	-0.900	2292.2	-8.700	1.8	25.9	25.2	68.7	488.1	1735.3	68.8	-3.900	-7.500	-20.800	12.500	-13.00	-7.400	-8.100
Maine	2014	2104.8	-12.800	118.4	-2.600	1986.4	-13.300	1.6	27.1	22.9	66.9	378.2	1548.2	60.1	-12.600	4.500	-9.400	-2.500	-22.500	-10.800	-12.700
Maine	2015	1951.1	-7.300	121.0	2.200	1830.0	-7.900	1.7	26.6	23.4	69.3	352.4	1416.4	61.2	9.600	-1.600	2.400	3.500	-6.800	-8.500	1.900
Maine	2016	1761.0	-9.700	115.4	-4.700	1645.7	-10.100	1.5	22.5	20.0	71.3	300.6	1286.8	58.2	-13.200	-15.400	-14.600	3.00	-14.700	-9.100	-4.900
Maine	2017	1628.1	-7.500	121.0	4.900	1507.1	-8.400	1.7	35.4	18.6	65.3	249.6	1198.1	59.4	14.600	57.100	-6.700	-8.500	-17.00	-6.900	2.00
Maine	2018	1470.0	-9.700	112.1	-7.300	1357.8	-9.900	1.8	33.3	17.0	60.0	202.7	1097.1	58.1	4.200	-5.900	-8.600	-8.100	-18.800	-8.400	-2.200
Maine	2019	1360.7	-7.400	115.2	2.700	1245.6	-8.300	1.5	38.4	14.0	61.3	174.8	1016.7	54.0	-17.00	15.200	-17.900	2.200	-13.800	-7.300	-7.00
Maryland	2006	4159.6		678.6		3480.9		9.7	21.0	256.0	392.0	667.0	2270.4	543.5							
Maryland	2007	4073.4	-2.100	641.9	-5.400	3431.5	-1.400	9.9	21.0	236.0	375.1	660.2	2265.9	505.4	1.200	0.0	-7.800	-4.300	-1.00	-0.200	-7.00
Maryland	2008	4145.9	1.800	628.3	-2.100	3517.7	2.500	8.8	20.0	234.4	365.1	689.6	2378.3	449.8	-11.300	-4.700	-0.700	-2.700	4.400	5.00	-11.00
Maryland	2009	3788.4	-8.600	590.0	-6.100	3198.5	-9.100	7.7	20.3	210.7	351.3	647.5	2206.7	344.2	-11.800	1.400	-10.100	-3.800	-6.100	-7.200	-23.500
Maryland	2010	3549.2	-6.300	547.4	-7.200	3001.8	-6.100	7.4	21.3	191.4	327.3	635.7	2053.9	312.3	-4.600	4.900	-9.100	-6.800	-1.800	-6.900	-9.300
Maryland	2011	3354.6	-5.500	494.1	-9.700	2860.5	-4.700	6.8	20.5	177.4	289.4	613.9	1970.9	275.7	-7.200	-3.500	-7.300	-11.600	-3.400	-4.00	-11.700
Maryland	2012	3225.7	-3.800	477.2	-3.400	2748.5	-3.900	6.3	21.0	172.8	277.0	568.8	1933.4	246.3	-7.400	2.400	-2.600	-4.300	-7.300	-1.900	-10.700
Maryland	2013	3127.5	-3.00	467.5	-2.00	2659.9	-3.200	6.5	19.7	170.1	271.3	537.9	1895.6	226.5	3.300	-6.100	-1.600	-2.100	-5.400	-2.00	-8.00
Maryland	2014	2960.2	-5.300	441.3	-5.600	2518.9	-5.300	6.1	19.1	161.5	254.6	471.4	1827.5	220.0	-6.900	-2.900	-5.00	-6.100	-12.400	-3.600	-2.900
Maryland	2015	2866.6	-3.200	471.3	6.800	2395.3	-4.900	9.2	29.3	169.0	263.9	445.2	1724.3	225.8	51.600	52.900	4.600	3.700	-5.600	-5.600	2.700
Maryland	2016	2801.3	-2.300	481.9	2.200	2319.4	-3.200	8.9	30.2	179.7	263.1	412.6	1676.7	230.2	-3.600	3.100	6.400	-0.300	-7.300	-2.800	1.900
Maryland	2017	2760.9	-1.400	507.0	5.200	2253.9	-2.800	9.4	29.3	186.6	281.7	392.2	1637.7	223.9	5.900	-2.900	3.800	7.100	-4.900	-2.300	-2.700
Maryland	2018	2517.7	-8.800	474.0	-6.500	2043.7	-9.300	8.1	34.9	161.4	269.6	313.3	1529.3	201.0	-13.900	19.00	-13.500	-4.300	-20.100	-6.600	-10.200
Maryland	2019	2404.3	-4.500	454.1	-4.200	1950.2	-4.600	9.0	31.6	152.2	261.3	278.9	1485.0	186.2	10.800	-9.200	-5.700	-3.100	-11.00	-2.900	-7.300
Massachusetts	2006	2762.6		404.8		2357.9		2.9	27.1	125.0	249.8	546.5	1565.4	245.9							
Massachusetts	2007	2823.0	2.200	431.5	6.600	2391.5	1.400	2.9	25.3	108.6	294.7	552.9	1606.1	232.4	-1.300	-6.400	-13.100	18.00	1.200	2.600	-5.500
Massachusetts	2008	2849.1	0.900	449.0	4.00	2400.1	0.400	2.6	26.7	108.8	310.9	555.5	1648.6	196.0	-9.900	5.500	0.200	5.500	0.500	2.600	-15.700
Massachusetts	2009	2761.0	-3.100	457.1	1.800	2304.0	-4.00	2.6	25.8	112.6	316.0	525.7	1600.3	178.0	1.500	-3.400	3.500	1.600	-5.400	-2.900	-9.200
Massachusetts	2010	2817.2	2.00	466.6	2.100	2350.5	2.00	3.2	26.7	105.0	331.8	576.8	1598.8	174.9	22.900	3.300	-6.800	5.00	9.700	-0.100	-1.700
Massachusetts	2011	2687.0	-4.600	428.4	-8.200	2258.7	-3.900	2.8	24.7	102.7	298.1	554.6	1540.3	163.7	-12.400	-7.300	-2.100	-10.100	-3.900	-3.700	-6.400
Massachusetts	2012	2558.5	-4.800	405.5	-5.300	2153.0	-4.700	1.8	24.7	98.6	280.4	519.7	1494.4	138.9	-35.200	0.0	-4.00	-5.900	-6.300	-3.00	-15.200
Massachusetts	2013	2455.2	-4.00	404.0	-0.400	2051.2	-4.700	2.0	31.2	100.2	270.5	459.2	1455.7	136.3	12.400	26.300	1.600	-3.500	-11.600	-2.600	-1.900
Massachusetts	2014	2240.3	-8.800	383.2	-5.100	1857.1	-9.500	2.0	24.1	89.5	267.6	370.1	1364.5	122.5	-4.400	-22.600	-10.700	-1.100	-19.400	-6.300	-10.200
Massachusetts	2015	2074.7	-7.400	384.1	0.200	1690.7	-9.00	1.9	23.7	77.8	280.7	322.2	1249.7	118.8	-3.700	-2.00	-13.00	4.900	-12.900	-8.400	-3.00
Massachusetts	2016	1930.2	-7.00	369.1	-3.900	1561.1	-7.700	2.0	23.4	78.8	265.0	281.8	1161.0	118.3	4.400	-1.200	1.200	-5.600	-12.500	-7.100	-0.400
Massachusetts	2017	1795.0	-7.00	358.0	-3.00	1437.0	-8.00	2.5	32.0	71.0	252.5	249.1	1078.0	109.9	28.200	37.00	-9.800	-4.700	-11.600	-7.200	-7.100
Massachusetts	2018	1634.5	-8.900	371.2	3.700	1263.3	-12.100	2.0	34.9	60.0	274.3	200.8	966.8	95.7	-21.900	9.00	-15.500	8.600	-19.400	-10.300	-12.900
Massachusetts	2019	1507.4	-7.800	327.6	-11.800	1179.8	-6.600	2.2	32.0	52.4	241.0	179.0	911.8	89.0	11.900	-8.400	-12.700	-12.200	-10.800	-5.700	-7.00
Michigan	2006	3775.2		562.4		3212.8		7.1	52.2	140.7	362.4	753.9	1963.5	495.4							
Michigan	2007	3601.8	-4.600	536.0	-4.700	3065.7	-4.600	6.7	45.5	133.2	350.7	748.9	1898.3	418.5	-5.00	-12.900	-5.400	-3.200	-0.700	-3.300	-15.500
Michigan	2008	3436.3	-4.600	501.5	-6.400	2934.8	-4.300	5.4	45.0	129.6	321.5	741.5	1831.1	362.3	-19.300	-1.00	-2.700	-8.300	-1.00	-3.500	-13.400
Michigan	2009	3334.7	-3.00	497.0	-0.900	2837.8	-3.300	6.3	45.3	123.7	321.7	760.5	1782.6	294.7	16.100	0.600	-4.600	0.100	2.600	-2.600	-18.600
Michigan	2010	3203.9	-3.900	490.3	-1.300	2713.6	-4.400	5.7	47.3	116.3	321.0	747.4	1689.5	276.8	-8.800	4.400	-6.00	-0.200	-1.700	-5.200	-6.100
Michigan	2011	3057.5	-4.600	445.3	-9.200	2612.1	-3.700	6.2	44.0	105.2	289.9	724.9	1629.0	258.2	8.200	-6.900	-9.500	-9.700	-3.00	-3.600	-6.700
Michigan	2012	2985.0	-2.400	454.5	2.100	2530.5	-3.100	7.0	46.4	105.6	295.5	664.4	1612.0	254.1	12.300	5.500	0.300	2.00	-8.400	-1.00	-1.600
Michigan	2013	2757.5	-7.600	429.8	-5.400	2327.6	-8.00	6.4	46.5	102.1	274.8	569.4	1510.0	248.3	-8.500	0.200	-3.300	-7.00	-14.300	-6.300	-2.300
Michigan	2014	2448.8	-11.200	404.9	-5.800	2043.9	-12.200	5.4	40.9	80.9	277.7	445.9	1384.5	213.5	-15.300	-12.200	-20.700	1.00	-21.700	-8.300	-14.00
Michigan	2015	2278.1	-7.00	392.5	-3.100	1885.6	-7.700	5.8	42.0	78.6	266.2	403.5	1323.2	158.9	6.600	2.700	-2.900	-4.100	-9.500	-4.400	-25.600
Michigan	2016	2348.6	3.100	438.8	11.800	1909.9	1.300	6.0	51.5	71.7	309.5	398.5	1308.1	203.2	4.700	22.800	-8.700	16.300	-1.200	-1.100	27.900
Michigan	2017	2249.9	-4.200	450.0	2.600	1800.0	-5.800	5.7	70.6	65.1	308.5	357.8	1245.7	196.5	-5.200	37.00	-9.200	-0.300	-10.200	-4.800	-3.300
Michigan	2018	2717.0	20.800	1063.5	136.400	1653.5	-8.100	5.5	76.9	56.6	924.5	316.6	1162.3	174.6	-3.500	9.00	-13.100	199.600	-11.500	-6.700	-11.100
Michigan	2019	2022.5	-25.600	437.4	-58.900	1585.0	-4.100	5.6	72.4	53.6	305.9	286.1	1121.3	177.7	1.00	-5.800	-5.300	-66.900	-9.600	-3.500	1.800
Minnesota	2007	3325.2	-2.00	288.7	-7.500	3036.6	-1.400	2.2	36.0	91.8	158.6	570.8	2224.7	241.0	-7.700	13.200	-12.700	-8.100	-2.200	-0.500	-6.900
Minnesota	2008	3113.3	-6.400	262.8	-9.00	2850.6	-6.100	2.1	34.6	80.0	146.1	505.9	2151.6	193.1	-6.400	-4.100	-12.800	-7.900	-11.400	-3.300	-19.900
Minnesota	2009	2884.9	-7.300	243.9	-7.200	2641.0	-7.300	1.4	34.0	68.7	139.8	484.0	1995.3	161.8	-32.700	-1.700	-14.100	-4.300	-4.300	-7.300	-16.200
Minnesota	2010	2808.2	-2.700	236.0	-3.200	2572.3	-2.600	1.8	33.9	63.9	136.4	460.3	1950.0	161.9	28.800	-0.200	-7.00	-2.400	-4.900	-2.300	0.100
Minnesota	2011	2770.7	-1.300	221.2	-6.200	2549.4	-0.900	1.4	31.1	63.4	125.4	481.3	1915.1	153.1	-23.500	-8.200	-0.800	-8.100	4.600	-1.800	-5.400
Minnesota	2012	2799.2	1.00	230.9	4.400	2568.3	0.700	1.8	30.5	64.6	134.0	471.8	1939.3	157.2	32.900	-2.200	2.00	6.900	-2.00	1.300	2.700
Minnesota	2013	2643.6	-5.600	223.2	-3.300	2420.4	-5.800	2.1	25.9	67.8	127.5	419.0	1854.4	147.0	14.300	-15.00	4.900	-4.900	-11.200	-4.400	-6.500
Minnesota	2014	2516.6	-4.800	219.1	-1.900	2297.5	-5.100	1.6	26.6	67.6	123.3	380.7	1763.5	153.3	-23.300	2.800	-0.300	-3.300	-9.200	-4.900	4.300
Minnesota	2015	2453.2	-2.500	231.1	5.500	2222.1	-3.300	2.4	30.7	68.7	129.2	351.6	1725.2	145.4	50.200	15.400	1.700	4.800	-7.600	-2.200	-5.200
Minnesota	2016	2364.7	-3.600	231.5	0.200	2133.3	-4.00	1.8	31.4	67.5	130.7	337.1	1638.1	158.1	-24.500	2.100	-1.700	1.200	-4.100	-5.00	8.800
Minnesota	2017	2429.8	2.800	238.3	3.00	2191.5	2.700	2.0	42.8	64.9	128.6	336.9	1675.7	178.9	10.700	36.400	-3.900	-1.600	-0.100	2.300	13.200
Minnesota	2018	2308.5	-5.00	314.7	32.00	1993.8	-9.00	1.9	43.9	52.5	216.5	288.4	1524.8	180.5	-6.800	2.600	-19.200	68.300	-14.400	-9.00	0.900
Minnesota	2019	2315.2	0.300	236.4	-24.900	2078.8	4.300	2.1	43.4	55.8	135.1	282.4	1597.5	198.9	9.800	-1.100	6.400	-37.600	-2.100	4.800	10.200
Mississippi	2006	3507.4		298.6		3208.8		7.7	34.4	107.1	149.5	935.9	1986.1	286.8							
Mississippi	2007	3492.1	-0.400	291.3	-2.500	3200.8	-0.200	7.1	35.6	98.2	150.3	957.9	1990.0	252.9	-7.00	3.700	-8.300	0.600	2.400	0.200	-11.800
Mississippi	2008	3225.4	-7.600	284.9	-2.200	2940.4	-8.100	8.1	30.3	102.6	143.9	885.6	1838.7	216.2	13.200	-15.00	4.500	-4.300	-7.500	-7.600	-14.500
Mississippi	2009	3234.6	0.300	281.3	-1.300	2953.3	0.400	6.4	31.8	100.4	142.6	987.9	1782.5	183.0	-20.200	5.00	-2.100	-0.900	11.600	-3.100	-15.400
Mississippi	2010	3254.7	0.600	269.7	-4.100	2985.0	1.100	7.0	31.2	93.7	137.8	1026.0	1778.4	180.6	8.900	-1.800	-6.800	-3.400	3.900	-0.200	-1.300
Mississippi	2011	3295.3	1.200	269.8	0.0	3025.5	1.400	8.0	29.0	83.7	149.1	1037.7	1822.5	165.4	14.500	-7.00	-10.700	8.200	1.100	2.500	-8.500
Mississippi	2012	3071.8	-6.800	260.8	-3.300	2811.0	-7.100	7.4	27.5	76.5	149.4	940.6	1725.6	144.8	-8.100	-5.200	-8.500	0.200	-9.400	-5.300	-12.400
Mississippi	2013	2992.1	-2.600	267.4	2.500	2724.7	-3.100	6.5	23.9	80.5	156.5	835.6	1742.3	146.7	-11.500	-13.200	5.300	4.700	-11.200	1.00	1.300
Mississippi	2014	3189.8	6.600	268.7	0.500	2921.2	7.200	8.6	25.5	81.2	153.4	813.3	1956.9	150.9	32.200	6.800	0.800	-2.00	-2.700	12.300	2.900
Mississippi	2015	3098.0	-2.900	264.4	-1.600	2833.6	-3.00	8.7	28.8	76.7	150.3	828.8	1863.0	141.8	0.400	12.900	-5.500	-2.00	1.900	-4.800	-6.100
Mississippi	2016	3036.2	-2.00	268.0	1.400	2768.1	-2.300	8.0	30.3	80.2	149.6	781.4	1842.1	144.7	-8.00	5.100	4.600	-0.500	-5.700	-1.100	2.00
Mississippi	2017	3019.6	-0.500	285.7	6.600	2733.9	-1.200	8.2	36.6	69.4	171.5	828.1	1750.6	155.2	3.100	20.700	-13.500	14.700	6.00	-5.00	7.300
Mississippi	2018	2496.5	-17.300	93.5	-67.300	2403.0	-12.100	5.7	18.0	53.4	16.4	697.8	1561.2	144.0	-30.300	-50.800	-23.00	-90.500	-15.700	-10.800	-7.200
Mississippi	2019	2653.7	6.300	277.9	197.300	2375.8	-1.100	11.2	25.1	57.1	184.6	627.0	1555.7	193.1	94.800	39.600	7.00	1027.200	-10.100	-0.400	34.100
Missouri	2006	4372.1		545.6		3826.5		6.3	30.2	129.9	379.3	764.1	2627.0	435.3							
Missouri	2007	4243.3	-2.900	504.9	-7.500	3738.4	-2.300	6.5	29.2	121.9	347.3	739.1	2594.7	404.6	4.00	-3.400	-6.100	-8.400	-3.300	-1.200	-7.100
Missouri	2008	4168.1	-1.800	504.4	-0.100	3663.7	-2.00	7.7	27.3	125.0	344.4	774.5	2537.9	351.3	17.500	-6.300	2.600	-0.800	4.800	-2.200	-13.200
Missouri	2009	3877.1	-7.00	491.8	-2.500	3385.3	-7.600	6.4	26.8	124.5	334.1	731.3	2362.1	291.9	-16.900	-1.800	-0.400	-3.00	-5.600	-6.900	-16.900
Missouri	2010	3801.4	-2.00	455.0	-7.500	3346.4	-1.100	7.0	23.9	102.4	321.7	735.4	2343.0	268.0	9.600	-10.900	-17.700	-3.700	0.600	-0.800	-8.200
Missouri	2011	3756.2	-1.200	447.4	-1.700	3308.8	-1.100	6.1	24.3	104.3	312.7	745.7	2308.3	254.8	-13.200	1.400	1.900	-2.800	1.400	-1.500	-4.900
Missouri	2012	3765.3	0.200	450.9	0.800	3314.4	0.200	6.5	25.1	96.0	323.4	705.2	2338.4	270.8	6.100	3.400	-7.900	3.400	-5.400	1.300	6.300
Missouri	2013	3559.0	-5.500	422.0	-6.400	3137.0	-5.400	6.1	26.5	90.7	298.7	643.0	2223.9	270.1	-5.00	5.400	-5.500	-7.600	-8.800	-4.900	-0.300
Missouri	2014	3338.3	-6.200	431.8	2.300	2906.5	-7.300	6.6	28.1	92.2	304.8	581.5	2055.3	269.8	8.300	6.400	1.600	2.00	-9.600	-7.600	-0.100
Missouri	2015	3340.2	0.100	485.9	12.500	2854.2	-1.800	8.3	30.5	104.8	342.4	559.0	2015.8	279.4	24.200	8.300	13.600	12.300	-3.900	-1.900	3.600
Missouri	2016	3307.5	-1.00	508.4	4.600	2799.1	-1.900	8.8	30.9	107.8	360.8	520.4	1978.4	300.3	6.800	1.500	2.900	5.400	-6.900	-1.900	7.500
Missouri	2017	3364.2	1.700	530.3	4.300	2833.9	1.200	9.8	44.6	103.9	372.0	492.0	2016.0	325.9	11.400	44.400	-3.700	3.100	-5.500	1.900	8.500
Missouri	2018	2823.7	-16.100	176.6	-66.700	2647.1	-6.600	9.9	47.5	84.8	34.4	444.9	1878.8	323.4	1.00	6.500	-18.300	-90.800	-9.600	-6.800	-0.700
Missouri	2019	3133.7	11.00	495.0	180.200	2638.7	-0.300	9.3	47.5	80.8	357.4	430.4	1865.0	343.3	-6.600	0.0	-4.800	939.700	-3.300	-0.700	6.200
Montana	2006	2941.3		253.7		2687.5		1.8	28.5	17.4	206.1	310.7	2191.8	185.0							
Montana	2007	3052.9	3.800	287.5	13.300	2765.4	2.900	1.5	30.3	19.9	235.8	316.0	2266.2	183.2	-18.800	6.300	14.900	14.400	1.700	3.400	-1.00
Montana	2008	2861.1	-6.300	258.1	-10.200	2603.0	-5.900	2.4	30.4	17.8	207.6	344.4	2095.9	162.6	62.700	0.400	-10.800	-12.00	9.00	-7.500	-11.300
Montana	2009	2717.7	-5.00	253.6	-1.700	2464.0	-5.300	2.9	30.2	22.2	198.5	347.3	1967.4	149.3	20.800	-0.800	24.600	-4.400	0.800	-6.100	-8.200
Montana	2010	2816.0	3.600	272.2	7.300	2543.8	3.200	2.6	32.4	15.9	221.2	369.3	2020.3	154.2	-8.500	7.600	-28.400	11.500	6.300	2.700	3.300
Montana	2011	2587.2	-8.100	267.5	-1.700	2319.7	-8.800	2.8	35.8	16.9	212.0	339.6	1834.0	146.1	6.700	10.200	6.700	-4.200	-8.00	-9.200	-5.300
Montana	2012	2855.9	10.400	272.2	1.800	2583.7	11.400	2.7	37.7	19.0	212.8	387.4	2028.3	168.0	-4.200	5.400	12.200	0.400	14.100	10.600	15.00
Montana	2013	2797.3	-2.100	240.7	-11.600	2556.5	-1.100	2.2	28.3	20.1	190.2	400.3	1974.0	182.2	-19.300	-25.00	5.800	-10.600	3.300	-2.700	8.500
Montana	2014	2785.7	-0.400	312.8	29.900	2472.9	-3.300	3.6	42.0	19.8	247.4	351.2	1922.1	199.6	66.800	48.600	-1.300	30.0	-12.300	-2.600	9.500
Montana	2015	2961.9	6.300	338.4	8.200	2623.6	6.100	3.5	41.7	20.3	272.8	371.6	2017.9	234.1	-3.600	-0.700	2.500	10.300	5.800	5.00	17.300
Montana	2016	3036.1	2.500	352.6	4.200	2683.5	2.300	3.5	39.7	25.5	283.9	377.4	2043.0	263.1	-0.900	-4.800	25.500	4.100	1.600	1.200	12.400
Montana	2017	2968.7	-2.200	377.1	6.900	2591.6	-3.400	3.9	58.4	28.1	286.7	344.1	2000.8	246.7	13.00	46.900	10.100	1.00	-8.800	-2.100	-6.200
Montana	2018	3494.8	17.700	998.5	164.800	2496.3	-3.700	3.2	51.9	25.3	918.1	306.6	1926.5	263.2	-18.00	-11.100	-9.800	220.200	-10.900	-3.700	6.700
Montana	2019	2598.1	-25.700	404.9	-59.400	2193.2	-12.100	2.5	58.4	19.2	324.9	270.1	1700.6	222.4	-21.100	12.600	-24.300	-64.600	-11.900	-11.700	-15.500
Nebraska	2006	3622.5		281.8		3340.7		2.8	31.0	63.8	184.1	534.5	2521.3	284.9							
Nebraska	2007	3463.9	-4.400	302.4	7.300	3161.4	-5.400	3.8	29.7	62.4	206.5	509.8	2358.6	293.1	35.500	-4.200	-2.200	12.100	-4.600	-6.500	2.900
Nebraska	2008	3182.3	-8.100	303.7	0.400	2878.6	-8.900	3.8	32.7	72.8	194.3	492.0	2151.8	234.8	-0.500	10.100	16.700	-5.900	-3.500	-8.800	-19.900
Nebraska	2009	3043.1	-4.400	281.6	-7.300	2761.5	-4.100	2.2	33.1	67.8	178.4	484.3	2083.5	193.8	-41.600	1.300	-6.800	-8.200	-1.600	-3.200	-17.500
Nebraska	2010	2952.6	-3.00	279.5	-0.800	2673.2	-3.200	3.0	36.8	56.1	183.6	455.9	2019.4	197.9	32.800	11.100	-17.300	2.900	-5.900	-3.100	2.100
Nebraska	2011	3006.1	1.800	253.2	-9.400	2752.9	3.00	3.6	37.7	54.1	157.7	472.9	2057.3	222.7	23.00	2.500	-3.600	-14.100	3.700	1.900	12.500
Nebraska	2012	3014.3	0.300	259.4	2.500	2754.9	0.100	2.9	38.3	60.9	157.4	470.8	2060.7	223.5	-21.400	1.600	12.600	-0.200	-0.500	0.200	0.400
Nebraska	2013	2875.5	-4.600	252.2	-2.800	2623.4	-4.800	3.1	33.0	55.7	160.5	476.3	1908.2	238.9	6.800	-14.00	-8.600	2.00	1.200	-7.400	6.900
Nebraska	2014	2791.0	-2.900	267.5	6.100	2523.5	-3.800	2.9	33.0	55.4	176.2	422.5	1864.1	236.8	-5.900	0.0	-0.400	9.800	-11.300	-2.300	-0.900
Nebraska	2015	2504.3	-10.300	263.2	-1.600	2241.1	-11.200	3.3	34.4	52.4	173.1	338.7	1691.4	211.0	13.900	4.300	-5.400	-1.800	-19.800	-9.300	-10.900
Nebraska	2016	2540.9	1.500	277.6	5.500	2263.3	1.00	2.6	38.7	49.6	186.7	337.9	1677.6	247.8	-21.400	12.500	-5.400	7.800	-0.200	-0.800	17.400
Nebraska	2017	2579.9	1.500	305.9	10.200	2274.0	0.500	2.2	62.0	50.4	191.2	337.1	1666.0	271.0	-12.800	60.300	1.600	2.400	-0.200	-0.700	9.400
Nebraska	2018	2364.6	-8.300	284.8	-6.900	2079.9	-8.500	2.3	63.9	39.2	179.4	271.9	1555.3	252.6	1.800	3.00	-22.300	-6.200	-19.300	-6.600	-6.800
Nebraska	2019	2340.3	-1.00	300.9	5.700	2039.3	-1.900	2.3	64.8	40.9	192.9	245.3	1536.3	257.7	2.00	1.400	4.500	7.500	-9.800	-1.200	2.00
Nevada	2006	4830.4		741.6		4088.8		9.0	43.2	281.6	407.8	994.6	2013.8	1080.4							
Nevada	2007	4528.5	-6.300	750.6	1.200	3777.8	-7.600	7.5	42.7	270.2	430.2	968.3	1939.1	870.5	-16.600	-1.200	-4.00	5.500	-2.600	-3.700	-19.400
Nevada	2008	4171.9	-7.900	724.5	-3.500	3447.5	-8.700	6.3	42.4	248.9	426.9	929.0	1906.8	611.6	-16.200	-0.800	-7.900	-0.800	-4.100	-1.700	-29.700
Nevada	2009	3757.8	-9.900	702.2	-3.100	3055.6	-11.400	5.9	38.6	227.8	429.8	832.1	1755.1	468.4	-5.200	-8.900	-8.500	0.700	-10.400	-8.00	-23.400
Nevada	2010	3435.3	-8.600	660.6	-5.900	2774.7	-9.200	5.9	35.7	196.2	422.9	823.0	1574.5	377.1	-1.500	-7.500	-13.900	-1.600	-1.100	-10.300	-19.500
Nevada	2011	3122.7	-9.100	562.1	-14.900	2560.5	-7.700	5.2	33.5	157.9	365.6	742.3	1470.0	348.3	-11.500	-6.300	-19.500	-13.500	-9.800	-6.600	-7.700
Nevada	2012	3417.0	9.400	607.6	8.100	2809.4	9.700	4.5	33.7	178.3	391.1	801.8	1644.6	363.1	-13.200	0.800	12.900	7.00	8.00	11.900	4.300
Nevada	2013	3429.0	0.400	591.2	-2.700	2837.7	1.00	5.8	39.1	185.8	360.6	826.0	1653.4	358.3	30.0	15.800	4.200	-7.800	3.00	0.500	-1.300
Nevada	2014	3248.2	-5.300	622.8	5.300	2625.4	-7.500	6.0	35.0	209.7	372.1	772.3	1494.3	358.7	2.500	-10.300	12.900	3.200	-6.500	-9.600	0.100
Nevada	2015	3348.7	3.100	680.4	9.200	2668.3	1.600	6.2	42.8	217.5	413.9	773.5	1502.2	392.7	2.800	22.200	3.700	11.200	0.100	0.500	9.500
Nevada	2016	3249.7	-3.00	663.1	-2.500	2586.6	-3.100	7.6	43.9	215.6	395.9	641.1	1497.1	448.3	23.700	2.600	-0.800	-4.400	-17.100	-0.300	14.200
Nevada	2017	3168.4	-2.500	555.9	-16.200	2612.4	1.00	9.1	63.0	161.5	322.3	668.7	1516.4	427.3	20.0	43.500	-25.100	-18.600	4.300	1.300	-4.700
Nevada	2018	2979.3	-6.00	541.1	-2.700	2438.2	-6.700	6.7	76.8	127.3	330.4	584.7	1461.2	392.3	-27.200	21.800	-21.200	2.500	-12.600	-3.600	-8.200
Nevada	2019	2815.9	-5.500	493.8	-8.700	2322.1	-4.800	4.6	70.2	106.7	312.3	503.5	1453.0	365.6	-30.300	-8.600	-16.200	-5.500	-13.900	-0.600	-6.800
New Hampshire	2006	2012.8		138.7		1874.1		1.0	26.2	32.2	79.4	331.4	1434.5	108.1							
New Hampshire	2007	2029.4	0.800	137.3	-1.00	1892.0	1.00	1.1	25.3	32.8	78.0	378.9	1414.4	98.7	15.300	-3.300	2.100	-1.700	14.300	-1.400	-8.700
New Hampshire	2008	2249.2	10.800	157.2	14.500	2091.9	10.600	1.0	29.7	31.8	94.7	325.7	1660.8	105.4	-13.300	17.400	-3.00	21.300	-14.00	17.400	6.800
New Hampshire	2009	2320.6	3.200	159.6	1.500	2161.0	3.300	0.8	30.2	34.4	94.3	372.0	1704.1	84.9	-23.600	1.600	7.900	-0.400	14.200	2.600	-19.500
New Hampshire	2010	2353.3	1.400	167.0	4.600	2186.3	1.200	1.0	31.3	34.3	100.4	413.3	1699.5	73.5	30.800	3.600	-0.300	6.500	11.100	-0.300	-13.300
New Hampshire	2011	2471.9	5.00	188.0	12.600	2283.9	4.500	1.3	32.5	36.0	118.2	436.1	1773.9	73.9	30.600	4.00	5.00	17.700	5.500	4.400	0.500
New Hampshire	2012	2511.8	1.600	187.9	-0.100	2324.0	1.800	1.1	34.0	35.7	117.0	412.2	1834.3	77.5	-11.900	4.500	-0.600	-1.00	-5.500	3.400	4.800
New Hampshire	2013	2393.9	-4.700	199.6	6.300	2194.3	-5.600	1.7	36.2	49.0	112.7	373.0	1750.3	71.0	46.400	6.500	37.200	-3.600	-9.500	-4.600	-8.300
New Hampshire	2014	2148.5	-10.200	185.9	-6.900	1962.7	-10.600	0.9	34.5	40.5	110.0	313.7	1584.4	64.6	-45.600	-4.600	-17.500	-2.500	-15.900	-9.500	-9.100
New Hampshire	2015	1932.6	-10.100	186.8	0.500	1745.7	-11.100	1.1	34.6	35.2	116.0	260.6	1418.2	67.0	16.300	0.400	-13.100	5.500	-16.900	-10.500	3.700
New Hampshire	2016	1698.5	-12.100	185.6	-0.600	1512.9	-13.300	1.3	31.7	32.0	120.7	222.0	1225.7	65.3	21.00	-8.500	-9.00	4.100	-14.800	-13.600	-2.600
New Hampshire	2017	1580.5	-6.900	198.7	7.00	1381.8	-8.700	1.0	49.4	31.2	117.1	191.7	1122.0	68.1	-18.100	55.800	-2.500	-3.00	-13.600	-8.500	4.400
New Hampshire	2018	1421.6	-10.100	173.2	-12.800	1248.5	-9.700	1.5	39.4	26.5	105.8	136.2	1048.2	64.1	48.500	-20.300	-15.200	-9.600	-29.00	-6.600	-6.00
New Hampshire	2019	1361.8	-4.200	152.5	-11.900	1209.2	-3.100	2.4	43.4	23.0	83.7	126.3	1017.3	65.7	56.800	10.200	-13.00	-20.900	-7.300	-3.00	2.500
New Jersey	2006	2643.5		351.6		2291.9		4.9	14.2	153.1	179.4	452.0	1556.5	283.4							
New Jersey	2007	2542.4	-3.800	329.3	-6.300	2213.1	-3.400	4.4	12.1	144.5	168.3	431.5	1528.8	252.7	-10.800	-14.700	-5.600	-6.200	-4.500	-1.800	-10.800
New Jersey	2008	2619.9	3.100	326.5	-0.800	2293.4	3.600	4.3	12.9	146.3	163.0	465.3	1595.7	232.4	-1.00	6.900	1.200	-3.200	7.800	4.400	-8.00
New Jersey	2009	2391.2	-8.700	311.5	-4.600	2079.7	-9.300	3.7	12.0	133.7	162.2	427.9	1473.7	178.1	-15.400	-7.500	-8.600	-0.500	-8.00	-7.600	-23.400
New Jersey	2010	2389.7	-0.100	307.7	-1.200	2081.9	0.100	4.2	11.2	134.4	157.9	440.5	1464.5	176.9	15.200	-6.700	0.600	-2.600	3.00	-0.600	-0.700
New Jersey	2011	2459.1	2.900	308.4	0.200	2150.7	3.300	4.3	11.4	138.4	154.3	490.2	1463.1	197.4	2.100	2.200	3.00	-2.300	11.300	-0.100	11.600
New Jersey	2012	2337.5	-4.900	290.2	-5.900	2047.3	-4.800	4.4	11.7	128.4	145.7	477.6	1383.7	185.9	1.600	2.400	-7.200	-5.500	-2.600	-5.400	-5.800
New Jersey	2013	2168.4	-7.200	285.6	-1.600	1882.8	-8.00	4.5	9.7	135.8	135.6	403.1	1325.2	154.5	2.900	-17.100	5.700	-6.900	-15.600	-4.200	-16.900
New Jersey	2014	1991.7	-8.100	257.6	-9.800	1734.1	-7.900	3.9	10.7	117.5	125.6	354.8	1248.3	131.0	-13.300	10.200	-13.500	-7.400	-12.00	-5.800	-15.200
New Jersey	2015	1877.9	-5.700	251.5	-2.400	1626.5	-6.200	4.1	11.4	108.6	127.4	312.1	1182.9	131.5	3.800	6.700	-7.500	1.500	-12.00	-5.200	0.400
New Jersey	2016	1785.5	-4.900	240.9	-4.200	1544.6	-5.00	4.2	12.2	100.4	124.2	282.7	1135.2	126.6	2.600	7.00	-7.500	-2.600	-9.400	-4.00	-3.700
New Jersey	2017	1784.3	-0.100	228.8	-5.00	1555.5	0.700	3.6	16.7	87.7	120.8	265.3	1155.1	135.1	-13.500	37.300	-12.700	-2.700	-6.200	1.800	6.700
New Jersey	2018	1613.0	-9.600	208.1	-9.100	1404.9	-9.700	3.2	16.0	71.4	117.4	215.9	1065.1	123.9	-10.800	-4.400	-18.500	-2.800	-18.600	-7.800	-8.300
New Jersey	2019	1542.5	-4.400	206.9	-0.600	1335.7	-4.900	2.9	17.2	64.5	122.2	184.6	1034.7	116.4	-8.100	7.800	-9.700	4.00	-14.500	-2.900	-6.100
New Mexico	2006	4580.4		643.2		3937.2		6.8	56.0	107.7	472.8	1069.7	2395.5	472.0							
New Mexico	2007	4390.0	-4.200	664.2	3.300	3725.7	-5.400	8.2	52.4	117.8	485.8	964.1	2307.9	453.8	21.800	-6.400	9.400	2.800	-9.900	-3.700	-3.900
New Mexico	2008	4559.1	3.900	649.9	-2.200	3909.2	4.900	7.2	57.4	109.5	475.9	1094.2	2411.6	403.4	-13.00	9.600	-7.100	-2.00	13.500	4.500	-11.100
New Mexico	2009	4354.8	-4.500	619.0	-4.800	3735.8	-4.400	8.7	52.6	93.1	464.7	1095.8	2317.8	322.2	21.700	-8.400	-15.00	-2.400	0.100	-3.900	-20.100
New Mexico	2010	4024.3	-7.600	588.9	-4.900	3435.4	-8.00	6.9	46.5	78.4	457.1	1020.5	2160.1	254.8	-20.800	-11.500	-15.800	-1.600	-6.900	-6.800	-20.900
New Mexico	2011	4099.0	1.900	567.5	-3.600	3531.5	2.800	7.5	41.2	82.7	436.2	1028.9	2242.9	259.7	8.600	-11.500	5.500	-4.600	0.800	3.800	1.900
New Mexico	2012	4159.8	1.500	559.1	-1.500	3600.7	2.00	5.6	45.9	88.6	419.1	1025.3	2313.4	261.9	-25.800	11.500	7.100	-3.900	-0.300	3.100	0.900
New Mexico	2013	4301.5	3.400	596.7	6.700	3704.8	2.900	6.0	54.0	86.8	449.9	1029.9	2391.8	283.2	7.800	17.700	-2.00	7.400	0.400	3.400	8.100
New Mexico	2014	4120.3	-4.200	578.0	-3.100	3542.3	-4.400	4.8	51.4	100.0	421.8	887.3	2353.4	301.6	-19.200	-4.900	15.200	-6.200	-13.800	-1.600	6.500
New Mexico	2015	4331.6	5.100	634.2	9.700	3697.4	4.400	5.6	58.3	119.2	451.2	819.4	2469.1	408.9	15.900	13.500	19.200	7.00	-7.700	4.900	35.600
New Mexico	2016	4619.9	6.700	682.8	7.700	3937.1	6.500	6.7	53.7	131.5	491.0	830.4	2542.4	564.3	19.00	-7.900	10.400	8.800	1.300	3.00	38.00
New Mexico	2017	4725.2	2.300	783.5	14.700	3941.7	0.100	7.1	60.3	178.3	537.8	858.1	2519.9	563.8	6.100	12.300	35.500	9.500	3.300	-0.900	-0.100
New Mexico	2018	4276.3	-9.500	856.6	9.300	3419.7	-13.200	8.0	64.6	135.1	648.9	767.8	2166.1	485.8	12.400	7.200	-24.200	20.700	-10.500	-14.00	-13.800
New Mexico	2019	3945.0	-7.700	832.2	-2.800	3112.7	-9.00	8.6	61.4	111.6	650.5	696.8	1988.8	427.2	8.300	-4.900	-17.300	0.200	-9.200	-8.200	-12.100
New York	2006	2487.6		434.9		2052.7		4.8	16.4	178.6	235.1	355.1	1531.1	166.4							
New York	2007	2392.7	-3.800	414.1	-4.800	1978.6	-3.600	4.2	15.2	161.1	233.7	336.1	1497.2	145.3	-13.00	-7.600	-9.800	-0.600	-5.400	-2.200	-12.700
New York	2008	2391.5	0.0	398.1	-3.900	1993.5	0.800	4.3	14.4	163.0	216.4	337.3	1527.3	128.9	3.300	-5.200	1.200	-7.400	0.400	2.00	-11.300
New York	2009	2320.7	-3.00	384.7	-3.400	1936.0	-2.900	4.0	13.2	144.0	223.5	321.6	1502.5	111.9	-7.200	-7.900	-11.700	3.300	-4.700	-1.600	-13.100
New York	2010	2333.2	0.500	392.1	1.900	1941.2	0.300	4.5	14.3	146.9	226.4	335.3	1500.4	105.4	12.200	8.100	2.100	1.300	4.300	-0.100	-5.800
New York	2011	2310.5	-1.00	398.1	1.500	1912.4	-1.500	4.0	14.1	145.9	234.1	336.0	1477.2	99.2	-11.00	-1.100	-0.700	3.400	0.200	-1.500	-5.900
New York	2012	2328.8	0.800	406.8	2.200	1922.0	0.500	3.5	14.6	146.4	242.3	329.9	1503.5	88.6	-12.100	2.900	0.400	3.500	-1.800	1.800	-10.600
New York	2013	2214.6	-4.900	389.8	-4.200	1824.8	-5.100	3.3	13.1	138.6	234.7	287.2	1458.8	78.8	-5.700	-9.900	-5.300	-3.100	-12.900	-3.00	-11.100
New York	2014	2092.4	-5.500	374.2	-4.00	1718.2	-5.800	3.1	19.8	121.8	229.4	257.2	1381.4	79.7	-5.200	51.300	-12.200	-2.300	-10.500	-5.300	1.200
New York	2015	1975.2	-5.600	371.2	-0.800	1604.0	-6.600	3.1	22.2	120.9	225.0	223.7	1303.0	77.4	-1.500	11.700	-0.700	-1.900	-13.00	-5.700	-2.900
New York	2016	1913.2	-3.100	367.7	-1.00	1545.6	-3.600	3.2	23.1	113.0	228.3	201.7	1271.0	72.9	3.700	4.400	-6.500	1.500	-9.800	-2.500	-5.800
New York	2017	1870.9	-2.200	356.7	-3.00	1514.2	-2.00	2.8	31.9	101.3	220.8	176.3	1270.3	67.6	-13.500	37.700	-10.400	-3.300	-12.600	-0.100	-7.300
New York	2018	1791.0	-4.300	350.5	-1.700	1440.5	-4.900	2.9	33.6	93.1	220.9	159.3	1214.0	67.2	4.200	5.600	-8.100	0.100	-9.600	-4.400	-0.500
New York	2019	1731.9	-3.300	358.6	2.300	1373.3	-4.700	2.9	33.8	92.9	229.0	141.9	1166.1	65.3	-0.300	0.600	-0.200	3.700	-11.00	-3.900	-2.900
North Carolina	2006	4596.4		475.6		4120.8		6.1	28.2	152.2	289.1	1212.7	2567.9	340.2							
North Carolina	2007	4553.7	-0.900	466.4	-1.900	4087.3	-0.800	6.5	26.3	149.5	284.1	1200.7	2577.9	308.6	5.900	-6.600	-1.800	-1.700	-1.00	0.400	-9.300
North Carolina	2008	4511.4	-0.900	467.3	0.200	4044.1	-1.100	6.5	24.8	155.4	280.6	1210.1	2544.0	290.0	1.400	-5.900	4.00	-1.200	0.800	-1.300	-6.00
North Carolina	2009	4072.4	-9.700	404.3	-13.500	3668.1	-9.300	5.3	24.6	126.1	248.4	1149.5	2305.2	213.5	-19.600	-0.700	-18.900	-11.500	-5.00	-9.400	-26.400
North Carolina	2010	3810.7	-6.400	363.4	-10.100	3447.3	-6.00	5.0	21.1	100.8	236.5	1076.9	2178.4	192.0	-5.200	-14.100	-20.0	-4.800	-6.300	-5.500	-10.0
North Carolina	2011	3876.6	1.700	349.8	-3.800	3526.8	2.300	5.3	20.7	98.9	224.9	1099.2	2251.2	176.4	5.400	-2.100	-1.900	-4.900	2.100	3.300	-8.100
North Carolina	2012	3722.9	-4.00	353.4	1.00	3369.5	-4.500	4.9	20.3	96.3	231.8	1018.5	2185.7	165.3	-6.600	-1.500	-2.600	3.100	-7.300	-2.900	-6.300
North Carolina	2013	3464.7	-6.900	336.6	-4.700	3128.0	-7.200	4.8	18.5	94.9	218.4	921.0	2058.7	148.3	-3.00	-9.100	-1.400	-5.800	-9.600	-5.800	-10.300
North Carolina	2014	3195.7	-7.800	322.7	-4.100	2873.1	-8.200	5.1	17.5	84.6	215.4	798.2	1937.8	137.1	7.700	-5.400	-10.800	-1.400	-13.300	-5.900	-7.600
North Carolina	2015	3089.7	-3.300	339.6	5.200	2750.1	-4.300	5.1	19.3	87.9	227.3	745.2	1871.1	133.8	0.400	10.300	3.800	5.500	-6.600	-3.400	-2.400
North Carolina	2016	3102.2	0.400	364.7	7.400	2737.5	-0.500	6.7	20.6	92.0	245.5	710.4	1876.2	150.8	29.800	6.500	4.700	8.00	-4.700	0.300	12.800
North Carolina	2017	2909.0	-6.200	363.7	-0.300	2545.3	-7.00	5.8	26.4	91.0	240.5	630.6	1760.9	153.8	-13.900	28.500	-1.100	-2.00	-11.200	-6.100	1.900
North Carolina	2018	2871.7	-1.300	377.6	3.800	2494.1	-2.00	6.0	25.4	81.1	265.1	599.9	1724.4	169.8	5.100	-4.00	-10.900	10.200	-4.900	-2.100	10.400
North Carolina	2019	2729.1	-5.00	371.8	-1.500	2357.3	-5.500	6.0	31.0	72.5	262.4	519.1	1666.0	172.2	-0.400	22.100	-10.700	-1.00	-13.500	-3.400	1.400
North Dakota	2006	2128.1		127.9		2000.3		1.3	30.4	11.3	84.9	376.3	1464.8	159.2							
North Dakota	2007	2032.0	-4.500	142.4	11.400	1889.6	-5.500	1.9	32.4	10.9	97.2	338.3	1408.4	142.9	49.100	6.600	-3.400	14.500	-10.100	-3.800	-10.200
North Dakota	2008	2060.9	1.400	166.5	16.900	1894.4	0.300	0.5	36.2	11.2	118.6	328.3	1428.6	137.5	-75.100	11.800	2.600	22.00	-2.900	1.400	-3.800
North Dakota	2009	2133.4	3.500	200.7	20.500	1932.8	2.00	1.5	34.8	16.2	148.1	363.9	1437.1	131.7	230.600	-3.800	44.600	24.800	10.800	0.600	-4.200
North Dakota	2010	1993.5	-6.600	225.0	12.100	1768.5	-8.500	1.5	35.2	13.4	174.8	292.3	1348.5	127.7	-3.800	1.300	-17.600	18.100	-19.700	-6.200	-3.00
North Dakota	2011	2183.7	9.500	247.0	9.800	1936.7	9.500	3.5	37.9	13.3	192.3	355.7	1437.7	143.3	136.00	7.500	-0.600	10.0	21.700	6.600	12.200
North Dakota	2012	2254.8	3.300	244.7	-0.900	2010.1	3.800	4.0	38.9	18.7	183.1	339.8	1505.8	164.5	14.00	2.700	40.700	-4.800	-4.500	4.700	14.800
North Dakota	2013	2350.3	4.200	256.3	4.700	2094.0	4.200	2.2	31.8	22.4	199.9	405.6	1492.7	195.7	-44.700	-18.200	19.600	9.200	19.400	-0.900	19.00
North Dakota	2014	2364.2	0.600	254.0	-0.900	2110.3	0.800	3.0	37.3	23.4	190.3	366.1	1539.5	204.7	34.500	17.400	4.500	-4.800	-9.700	3.100	4.600
North Dakota	2015	2346.7	-0.700	230.3	-9.300	2116.5	0.300	2.8	36.5	19.6	171.5	395.9	1511.4	209.1	-6.700	-2.300	-16.400	-9.900	8.200	-1.800	2.100
North Dakota	2016	2535.6	8.100	239.7	4.100	2295.9	8.500	2.0	33.8	23.9	180.1	427.9	1608.9	259.1	-28.700	-7.400	22.100	5.00	8.100	6.500	23.900
North Dakota	2017	2479.1	-2.200	281.3	17.300	2197.8	-4.300	1.3	52.8	24.2	202.9	389.5	1573.6	234.7	-33.100	56.400	1.400	12.700	-9.00	-2.200	-9.400
North Dakota	2018	2320.8	-6.400	280.6	-0.200	2040.2	-7.200	2.4	52.2	20.8	205.2	358.4	1448.3	233.5	78.900	-1.100	-14.200	1.100	-8.00	-8.00	-0.500
North Dakota	2019	2261.6	-2.600	284.6	1.400	1977.0	-3.100	3.1	57.3	23.5	200.6	342.2	1399.6	235.2	33.00	9.800	13.00	-2.200	-4.500	-3.400	0.700
Ohio	2006	4029.0		350.3		3678.6		4.7	39.6	166.8	139.2	909.8	2442.8	326.1							
Ohio	2007	3798.5	-5.700	343.2	-2.00	3455.2	-6.100	4.5	38.8	159.2	140.7	859.1	2301.6	294.6	-4.200	-2.00	-4.600	1.100	-5.600	-5.800	-9.700
Ohio	2008	3759.9	-1.00	348.2	1.500	3411.7	-1.300	4.7	38.5	163.0	142.1	892.8	2270.5	248.4	5.100	-0.900	2.300	1.00	3.900	-1.400	-15.700
Ohio	2009	3603.0	-4.200	332.1	-4.600	3270.9	-4.100	4.5	34.8	154.1	138.7	902.9	2169.8	198.3	-4.900	-9.400	-5.500	-2.400	1.100	-4.400	-20.200
Ohio	2010	3560.4	-1.200	315.2	-5.100	3245.2	-0.800	4.1	32.1	142.8	136.2	923.3	2138.8	183.1	-8.200	-8.00	-7.300	-1.800	2.300	-1.400	-7.700
Ohio	2011	3662.0	2.900	307.4	-2.500	3354.7	3.400	4.4	31.5	139.1	132.4	976.3	2195.9	182.5	7.700	-1.900	-2.600	-2.800	5.700	2.700	-0.300
Ohio	2012	3417.1	-6.700	299.7	-2.500	3117.4	-7.100	4.3	31.7	132.0	131.7	895.9	2052.5	169.0	-3.500	0.700	-5.100	-0.500	-8.200	-6.500	-7.400
Ohio	2013	3203.2	-6.300	275.7	-8.00	2927.5	-6.100	3.9	24.4	124.2	123.2	790.2	1968.5	168.8	-8.300	-23.00	-5.900	-6.500	-11.800	-4.100	-0.100
Ohio	2014	3075.8	-4.00	276.7	0.400	2799.1	-4.400	4.0	35.3	110.0	127.4	680.0	1963.6	155.4	1.800	44.800	-11.400	3.400	-13.900	-0.200	-8.00
Ohio	2015	2871.1	-6.700	283.3	2.400	2587.7	-7.500	4.3	35.8	108.1	135.1	596.7	1842.6	148.4	7.600	1.200	-1.700	6.100	-12.200	-6.200	-4.500
Ohio	2016	2865.3	-0.200	287.8	1.600	2577.5	-0.400	5.6	35.7	107.8	138.7	575.9	1832.3	169.3	30.800	-0.300	-0.300	2.600	-3.500	-0.600	14.100
Ohio	2017	2716.6	-5.200	297.5	3.400	2419.1	-6.100	6.1	50.3	99.5	141.6	502.4	1743.0	173.7	8.200	41.00	-7.700	2.100	-12.800	-4.900	2.600
Ohio	2018	2457.1	-9.600	279.9	-5.900	2177.1	-10.0	4.8	45.3	78.6	151.2	412.2	1594.6	170.3	-20.800	-9.800	-21.100	6.800	-18.00	-8.500	-2.00
Ohio	2019	2348.9	-4.400	293.2	4.700	2055.7	-5.600	4.6	49.0	75.7	163.9	375.5	1520.4	159.7	-4.600	8.100	-3.700	8.400	-8.900	-4.700	-6.200
Oklahoma	2006	4101.6		497.4		3604.2		5.8	41.6	87.5	362.5	960.5	2270.5	373.2							
Oklahoma	2007	4026.0	-1.800	499.6	0.400	3526.4	-2.200	6.1	43.1	93.2	357.1	943.3	2211.1	372.1	6.100	3.700	6.500	-1.500	-1.800	-2.600	-0.300
Oklahoma	2008	3969.1	-1.400	526.7	5.400	3442.4	-2.400	5.8	40.2	101.1	379.5	963.1	2180.5	298.7	-5.200	-6.600	8.400	6.300	2.100	-1.400	-19.700
Oklahoma	2009	4074.9	2.700	501.1	-4.900	3573.8	3.800	6.2	41.5	90.7	362.7	1030.0	2261.7	282.2	6.200	3.00	-10.300	-4.400	6.900	3.700	-5.500
Oklahoma	2010	3894.9	-4.400	479.5	-4.300	3415.5	-4.400	5.2	38.7	89.0	346.7	999.0	2144.8	271.6	-15.900	-6.800	-1.900	-4.400	-3.00	-5.200	-3.700
Oklahoma	2011	3811.0	-2.200	454.8	-5.200	3356.2	-1.700	5.5	37.0	86.6	325.7	958.5	2106.8	290.9	5.500	-4.300	-2.700	-6.00	-4.100	-1.800	7.100
Oklahoma	2012	3870.3	1.600	469.3	3.200	3401.0	1.300	5.7	41.6	84.7	337.3	936.6	2161.3	303.1	3.200	12.500	-2.200	3.500	-2.300	2.600	4.200
Oklahoma	2013	3701.8	-4.400	428.1	-8.800	3273.7	-3.700	5.1	43.5	78.7	300.8	866.1	2116.4	291.2	-10.600	4.500	-7.100	-10.800	-7.500	-2.100	-3.900
Oklahoma	2014	3383.8	-8.600	393.1	-8.200	2990.7	-8.600	4.5	32.9	78.6	277.0	760.9	1956.9	272.9	-10.900	-24.300	-0.200	-7.900	-12.100	-7.500	-6.300
Oklahoma	2015	3295.2	-2.600	409.3	4.100	2885.9	-3.500	6.0	34.6	76.8	291.9	726.2	1892.5	267.2	32.600	5.00	-2.200	5.400	-4.600	-3.300	-2.100
Oklahoma	2016	3419.2	3.800	436.3	6.600	2982.9	3.400	6.2	38.5	80.6	311.0	741.7	1931.4	309.8	4.400	11.300	4.900	6.500	2.100	2.100	16.00
Oklahoma	2017	3332.6	-2.500	456.2	4.600	2876.4	-3.600	6.2	54.5	76.3	319.3	727.8	1836.9	311.7	-1.400	41.700	-5.300	2.700	-1.900	-4.900	0.600
Oklahoma	2018	3341.1	0.300	466.1	2.200	2875.0	0.0	5.2	58.3	70.8	331.8	681.1	1856.8	337.0	-15.100	7.00	-7.300	3.900	-6.400	1.100	8.100
Oklahoma	2019	3277.1	-1.900	431.8	-7.400	2845.3	-1.00	6.7	57.3	59.9	307.9	671.7	1835.5	338.1	28.700	-1.700	-15.400	-7.200	-1.400	-1.100	0.300
Oregon	2006	3952.4		280.3		3672.1		2.3	32.3	72.7	173.0	645.2	2636.1	390.7							
Oregon	2007	3813.8	-3.500	287.6	2.600	3526.2	-4.00	1.9	33.5	76.4	175.8	609.0	2529.0	388.2	-16.200	3.700	5.100	1.600	-5.600	-4.100	-0.600
Oregon	2008	3539.4	-7.200	257.2	-10.600	3282.2	-6.900	2.2	30.5	69.7	154.8	550.9	2432.3	299.0	11.100	-8.900	-8.800	-11.900	-9.500	-3.800	-23.00
Oregon	2009	3221.8	-9.00	254.7	-1.00	2967.1	-9.600	2.2	30.5	64.3	157.6	506.5	2202.6	258.0	2.700	0.100	-7.700	1.800	-8.100	-9.400	-13.700
Oregon	2010	3265.0	1.300	252.0	-1.100	3012.9	1.500	2.4	31.7	62.4	155.6	512.6	2267.7	232.6	6.900	3.800	-3.00	-1.300	1.200	3.00	-9.800
Oregon	2011	3362.2	3.00	247.6	-1.800	3114.6	3.400	2.1	31.4	57.4	156.6	528.1	2352.8	233.7	-10.800	-0.800	-8.00	0.700	3.00	3.800	0.400
Oregon	2012	3471.8	3.300	247.6	0.0	3224.2	3.500	2.4	29.2	61.9	154.1	561.7	2400.9	261.7	11.400	-7.00	7.800	-1.600	6.400	2.00	12.00
Oregon	2013	3416.8	-1.600	242.9	-1.900	3173.9	-1.600	2.0	37.1	61.0	142.7	528.5	2394.5	250.9	-13.700	27.00	-1.400	-7.400	-5.900	-0.300	-4.100
Oregon	2014	3101.1	-9.200	222.1	-8.600	2879.0	-9.300	2.0	26.5	52.7	140.8	434.0	2204.6	240.5	0.200	-28.600	-13.600	-1.300	-17.900	-7.900	-4.200
Oregon	2015	3195.8	3.100	249.2	12.200	2946.6	2.300	2.5	28.9	53.3	164.6	455.1	2229.7	261.8	20.400	9.00	1.00	16.800	4.900	1.100	8.800
Oregon	2016	3217.7	0.700	253.3	1.700	2964.4	0.600	2.8	30.8	55.6	164.1	412.0	2230.0	322.3	12.300	6.600	4.500	-0.300	-9.500	0.0	23.100
Oregon	2017	3268.2	1.600	281.8	11.200	2986.5	0.700	2.5	48.3	58.7	172.3	427.4	2145.3	413.7	-9.100	56.600	5.500	5.00	3.700	-3.800	28.400
Oregon	2018	3179.5	-2.700	285.5	1.300	2894.0	-3.100	2.0	47.1	60.8	175.6	389.1	2109.9	395.1	-22.100	-2.300	3.600	1.900	-9.00	-1.700	-4.500
Oregon	2019	3015.0	-5.200	284.4	-0.400	2730.6	-5.600	2.8	42.2	54.0	185.5	349.1	2021.5	360.0	40.600	-10.600	-11.300	5.600	-10.300	-4.200	-8.900
Pennsylvania	2006	2882.9		439.4		2443.5		5.9	27.3	168.6	237.6	463.2	1742.9	237.4							
Pennsylvania	2007	2777.8	-3.600	416.5	-5.200	2361.3	-3.400	5.8	27.7	156.5	226.4	450.6	1697.9	212.8	-1.700	1.500	-7.200	-4.700	-2.700	-2.600	-10.400
Pennsylvania	2008	2820.2	1.500	410.0	-1.600	2410.2	2.100	5.6	27.9	151.6	224.8	470.9	1758.8	180.5	-3.200	0.700	-3.100	-0.700	4.500	3.600	-15.200
Pennsylvania	2009	2582.2	-8.400	380.5	-7.200	2201.6	-8.700	5.2	29.0	138.9	207.4	434.7	1625.5	141.4	-6.900	3.700	-8.400	-7.800	-7.700	-7.600	-21.700
Pennsylvania	2010	2539.2	-1.700	366.2	-3.800	2173.0	-1.300	5.2	26.9	128.8	205.3	434.3	1607.4	131.2	-1.400	-7.200	-7.300	-1.00	-0.100	-1.100	-7.200
Pennsylvania	2011	2577.3	1.500	355.0	-3.00	2222.3	2.300	5.0	26.1	126.6	197.3	454.0	1636.1	132.2	-3.400	-3.00	-1.700	-3.900	4.500	1.800	0.700
Pennsylvania	2012	2515.0	-2.400	348.7	-1.800	2166.3	-2.500	5.4	26.1	122.8	194.4	445.5	1603.1	117.7	7.400	-0.100	-3.00	-1.500	-1.900	-2.00	-10.900
Pennsylvania	2013	2387.3	-5.100	326.6	-6.300	2060.8	-4.900	4.7	20.7	115.6	185.7	407.3	1545.6	107.8	-13.400	-20.800	-5.900	-4.500	-8.600	-3.600	-8.400
Pennsylvania	2014	2237.7	-6.300	306.0	-6.300	1931.7	-6.300	4.8	21.8	105.8	173.5	357.5	1472.2	102.0	3.300	5.500	-8.400	-6.500	-12.200	-4.700	-5.400
Pennsylvania	2015	2118.7	-5.300	305.8	0.0	1812.8	-6.200	5.1	24.4	101.6	174.8	309.8	1408.2	94.8	7.00	11.900	-4.00	0.700	-13.300	-4.300	-7.100
Pennsylvania	2016	2049.7	-3.300	307.0	0.400	1742.7	-3.900	5.2	25.3	96.4	180.1	277.8	1362.8	102.1	0.600	3.700	-5.100	3.100	-10.300	-3.200	7.700
Pennsylvania	2017	1962.7	-4.200	313.3	2.100	1649.4	-5.400	5.8	32.8	92.1	182.6	250.3	1297.7	101.4	11.600	29.700	-4.500	1.400	-9.900	-4.800	-0.600
Pennsylvania	2018	1795.9	-8.500	306.0	-2.300	1489.9	-9.700	6.1	35.0	76.9	188.0	211.6	1175.9	102.4	6.100	6.700	-16.500	2.900	-15.500	-9.400	1.00
Pennsylvania	2019	1709.8	-4.800	306.4	0.100	1403.4	-5.800	5.2	34.0	76.1	191.1	182.4	1124.2	96.8	-14.600	-2.900	-1.00	1.700	-13.800	-4.400	-5.500
Rhode Island	2006	2814.4		227.5		2586.9		2.6	26.7	68.8	129.4	507.2	1744.2	335.5							
Rhode Island	2007	2849.9	1.300	227.3	-0.100	2622.6	1.400	1.8	24.2	71.0	130.3	495.0	1822.7	305.0	-31.500	-9.300	3.100	0.700	-2.400	4.500	-9.100
Rhode Island	2008	3090.1	8.400	249.4	9.800	2840.6	8.300	2.8	26.4	83.7	136.7	547.2	1988.9	304.5	53.700	8.900	17.800	4.900	10.600	9.100	-0.100
Rhode Island	2009	2863.3	-7.300	252.6	1.300	2610.8	-8.100	2.9	27.3	74.6	147.7	545.9	1837.7	227.2	6.700	3.400	-10.800	8.100	-0.200	-7.600	-25.400
Rhode Island	2010	2813.2	-1.800	256.6	1.600	2556.6	-2.100	2.8	28.1	74.1	151.6	581.5	1747.2	227.9	-6.400	3.200	-0.700	2.600	6.500	-4.900	0.300
Rhode Island	2011	2924.3	3.900	247.5	-3.500	2676.8	4.700	1.3	28.9	71.0	146.3	662.4	1796.8	217.5	-51.700	2.800	-4.200	-3.500	13.900	2.800	-4.600
Rhode Island	2012	2824.7	-3.400	252.4	2.00	2572.3	-3.900	3.2	27.4	67.9	153.9	566.4	1755.7	250.2	143.100	-5.200	-4.300	5.200	-14.500	-2.300	15.00
Rhode Island	2013	2686.6	-4.900	244.6	-3.100	2442.0	-5.100	2.9	29.2	65.0	147.4	533.2	1696.4	212.4	-8.900	6.500	-4.200	-4.200	-5.900	-3.400	-15.100
Rhode Island	2014	2382.5	-11.300	209.0	-14.600	2173.6	-11.00	2.4	24.0	50.1	132.5	457.1	1542.8	173.7	-19.600	-17.900	-22.900	-10.100	-14.300	-9.100	-18.200
Rhode Island	2015	2128.6	-10.700	231.1	10.600	1897.5	-12.700	2.7	32.0	52.6	143.7	373.7	1392.3	131.5	15.900	33.500	5.00	8.500	-18.300	-9.800	-24.300
Rhode Island	2016	2126.8	-0.100	228.1	-1.300	1898.7	0.100	2.7	31.0	51.1	143.2	358.6	1389.0	151.1	0.0	-3.00	-2.900	-0.300	-4.00	-0.200	14.900
Rhode Island	2017	1983.8	-6.700	232.2	1.800	1751.6	-7.700	1.9	42.0	44.7	143.5	303.6	1308.1	140.0	-31.200	35.300	-12.500	0.200	-15.300	-5.800	-7.400
Rhode Island	2018	1880.0	-5.200	219.1	-5.600	1660.9	-5.200	1.5	45.5	42.9	129.2	265.8	1250.3	144.8	-19.800	8.300	-4.00	-10.0	-12.500	-4.400	3.500
Rhode Island	2019	1755.9	-6.600	221.1	0.900	1534.8	-7.600	2.4	46.3	39.5	132.9	219.1	1187.5	128.2	55.900	1.900	-8.100	2.900	-17.600	-5.00	-11.500
South Carolina	2006	5007.8		765.5		4242.3		8.3	40.8	136.5	579.9	989.8	2873.0	379.6							
South Carolina	2007	5060.0	1.00	788.3	3.00	4271.7	0.700	8.0	39.5	144.0	596.9	1025.8	2859.6	386.3	-3.900	-3.200	5.500	2.900	3.600	-0.500	1.800
South Carolina	2008	4963.9	-1.900	729.7	-7.400	4234.2	-0.900	6.8	36.6	147.3	539.1	1026.1	2814.1	394.0	-14.700	-7.300	2.300	-9.700	0.0	-1.600	2.00
South Carolina	2009	4559.4	-8.100	670.8	-8.100	3888.6	-8.200	6.3	35.3	125.7	503.4	992.8	2598.4	297.4	-7.600	-3.300	-14.600	-6.600	-3.200	-7.700	-24.500
South Carolina	2010	4498.1	-1.300	597.7	-10.900	3900.4	0.300	6.1	31.7	107.7	452.3	997.9	2617.2	285.3	-3.800	-10.300	-14.300	-10.200	0.500	0.700	-4.100
South Carolina	2011	4476.1	-0.500	571.9	-4.300	3904.2	0.100	6.8	34.5	92.2	438.4	1002.8	2609.4	292.0	13.00	8.700	-14.400	-3.100	0.500	-0.300	2.300
South Carolina	2012	4381.0	-2.100	558.8	-2.300	3822.2	-2.100	6.9	35.5	95.0	421.4	954.5	2588.3	279.5	0.300	3.200	3.100	-3.900	-4.800	-0.800	-4.300
South Carolina	2013	4119.0	-6.00	494.8	-11.500	3624.2	-5.200	6.2	31.8	83.2	373.6	857.8	2502.9	263.5	-9.300	-10.600	-12.500	-11.300	-10.100	-3.300	-5.700
South Carolina	2014	3945.8	-4.200	485.5	-1.900	3460.3	-4.500	6.4	30.6	82.7	365.8	759.9	2433.4	267.0	3.500	-3.700	-0.600	-2.100	-11.400	-2.800	1.300
South Carolina	2015	3785.7	-4.100	492.4	1.400	3293.3	-4.800	8.1	34.9	80.3	369.1	705.7	2322.7	264.9	26.600	13.800	-2.900	0.900	-7.100	-4.500	-0.800
South Carolina	2016	3732.0	-1.400	488.2	-0.900	3243.8	-1.500	7.4	34.5	81.3	365.0	664.7	2298.5	280.6	-9.500	-1.100	1.300	-1.100	-5.800	-1.00	5.900
South Carolina	2017	3702.1	-0.800	506.2	3.700	3195.9	-1.500	7.8	49.8	77.0	371.5	623.1	2289.1	283.8	5.200	44.500	-5.300	1.800	-6.300	-0.400	1.100
South Carolina	2018	3505.9	-5.300	488.3	-3.500	3017.6	-5.600	7.7	47.9	69.9	362.8	579.7	2156.0	281.9	-0.700	-3.900	-9.300	-2.400	-7.00	-5.800	-0.700
South Carolina	2019	3451.6	-1.600	511.3	4.700	2940.3	-2.600	9.0	47.8	64.0	390.5	533.4	2116.1	290.8	16.900	-0.200	-8.500	7.600	-8.00	-1.900	3.200
South Dakota	2006	1791.0		171.4		1619.6		1.2	43.0	15.2	112.0	338.9	1188.9	91.8							
South Dakota	2007	1821.5	1.700	169.2	-1.300	1652.3	2.00	2.1	38.7	14.1	114.3	298.7	1261.3	92.3	85.500	-10.0	-7.600	2.00	-11.900	6.100	0.500
South Dakota	2008	1847.1	1.400	201.4	19.100	1645.6	-0.400	3.2	53.7	14.9	129.6	302.2	1244.0	99.5	51.400	38.900	6.100	13.400	1.200	-1.400	7.800
South Dakota	2009	1905.0	3.100	185.6	-7.900	1719.4	4.500	2.6	54.8	13.7	114.6	305.2	1314.2	100.1	-20.0	2.00	-8.400	-11.600	1.00	5.600	0.600
South Dakota	2010	2120.9	11.300	268.5	44.600	1852.4	7.700	2.8	47.9	18.9	198.9	390.7	1364.1	97.6	9.300	-12.600	38.400	73.500	28.00	3.800	-2.400
South Dakota	2011	2071.8	-2.300	254.1	-5.400	1817.7	-1.900	2.5	60.2	20.3	171.1	351.8	1351.1	114.8	-9.800	25.700	7.100	-14.00	-10.0	-1.00	17.600
South Dakota	2012	2381.9	15.00	321.8	26.700	2060.1	13.300	3.0	70.2	19.0	229.7	391.0	1541.4	127.8	17.700	16.600	-6.400	34.200	11.100	14.100	11.300
South Dakota	2013	2213.5	-7.100	298.7	-7.200	1914.7	-7.100	2.4	41.3	18.8	236.2	399.1	1404.6	111.0	-21.100	-41.200	-0.700	2.900	2.100	-8.900	-13.100
South Dakota	2014	2183.7	-1.300	319.9	7.100	1863.9	-2.700	2.3	48.4	23.4	245.7	330.3	1415.5	118.0	-1.00	17.200	24.600	4.00	-17.200	0.800	6.300
South Dakota	2015	2319.8	6.200	376.8	17.800	1943.0	4.200	3.7	51.4	25.2	296.6	344.8	1459.8	138.4	59.00	6.100	7.300	20.700	4.400	3.100	17.200
South Dakota	2016	2384.0	2.800	403.4	7.00	1980.6	1.900	3.1	43.8	31.4	325.0	346.6	1460.4	173.6	-16.300	-14.800	24.900	9.600	0.500	0.0	25.400
South Dakota	2017	2309.9	-3.100	433.6	7.500	1876.2	-5.300	2.9	68.4	27.4	335.0	311.3	1405.9	159.0	-7.900	56.200	-12.900	3.100	-10.200	-3.700	-8.400
South Dakota	2018	2133.3	-7.600	404.7	-6.700	1728.7	-7.900	1.4	69.6	29.7	304.0	291.4	1264.5	172.7	-52.700	1.700	8.500	-9.200	-6.400	-10.100	8.600
South Dakota	2019	2170.0	1.700	399.0	-1.400	1771.0	2.400	1.9	72.6	22.0	302.5	299.1	1273.4	198.5	41.300	4.300	-25.800	-0.500	2.600	0.700	14.900
Tennessee	2006	4888.5		760.2		4128.3		6.8	35.5	184.3	533.7	1040.9	2713.2	374.1							
Tennessee	2007	4841.9	-1.00	753.3	-0.900	4088.6	-1.00	6.4	35.3	179.0	532.5	1002.4	2734.4	351.8	-4.800	-0.400	-2.900	-0.200	-3.700	0.800	-6.00
Tennessee	2008	4765.0	-1.600	722.4	-4.100	4042.6	-1.100	6.6	33.2	173.8	508.9	1046.0	2687.3	309.3	1.800	-6.00	-2.900	-4.400	4.300	-1.700	-12.100
Tennessee	2009	4421.8	-7.200	667.7	-7.600	3754.1	-7.100	7.3	31.7	153.2	475.5	1010.9	2505.4	237.8	11.500	-4.600	-11.800	-6.600	-3.400	-6.800	-23.100
Tennessee	2010	4271.2	-3.400	613.3	-8.100	3657.9	-2.600	5.6	33.7	131.8	442.2	1012.2	2411.9	233.8	-23.200	6.400	-14.00	-7.00	0.100	-3.700	-1.700
Tennessee	2011	4204.1	-1.600	608.2	-0.800	3595.9	-1.700	5.8	31.6	126.2	444.5	979.9	2396.8	219.2	3.500	-6.200	-4.300	0.500	-3.200	-0.600	-6.200
Tennessee	2012	4014.9	-4.500	643.6	5.800	3371.4	-6.200	6.0	31.5	126.5	479.6	870.2	2300.1	201.0	3.200	-0.400	0.300	7.900	-11.200	-4.00	-8.300
Tennessee	2013	3760.5	-6.300	579.7	-9.900	3180.9	-5.700	5.0	25.3	112.5	436.9	785.1	2213.7	182.1	-16.00	-19.700	-11.100	-8.900	-9.800	-3.800	-9.400
Tennessee	2014	3658.8	-2.700	598.2	3.200	3060.6	-3.800	5.7	28.4	110.9	453.2	712.2	2156.0	192.4	12.200	12.400	-1.400	3.700	-9.300	-2.600	5.700
Tennessee	2015	3537.5	-3.300	601.3	0.500	2936.2	-4.100	6.2	29.8	113.2	452.2	655.2	2086.0	195.0	8.600	4.800	2.100	-0.200	-8.00	-3.300	1.400
Tennessee	2016	3476.2	-1.700	622.1	3.400	2854.1	-2.800	7.3	29.9	117.5	467.3	606.1	2020.7	227.3	18.800	0.500	3.700	3.400	-7.500	-3.100	16.600
Tennessee	2017	3592.1	3.300	651.5	4.700	2940.6	3.00	7.8	43.7	117.1	482.9	576.5	2088.3	275.8	7.400	45.900	-0.300	3.300	-4.900	3.300	21.300
Tennessee	2018	3449.1	-4.00	623.7	-4.300	2825.4	-3.900	7.4	41.7	106.2	468.5	489.4	2034.1	301.9	-6.300	-4.600	-9.300	-3.00	-15.100	-2.600	9.500
Tennessee	2019	3247.8	-5.800	595.2	-4.600	2652.6	-6.100	7.3	41.2	90.1	456.7	437.4	1934.4	280.9	-0.900	-1.100	-15.200	-2.500	-10.600	-4.900	-7.00
Texas	2006	4597.8		516.3		4081.5		5.9	35.6	158.5	316.4	917.3	2758.2	405.9							
Texas	2007	4631.8	0.700	510.6	-1.100	4121.2	1.00	5.9	35.3	162.2	307.2	955.1	2773.3	392.8	0.900	-0.900	2.300	-2.900	4.100	0.500	-3.200
Texas	2008	4493.5	-3.00	507.9	-0.500	3985.6	-3.300	5.6	32.9	155.2	314.1	946.0	2688.8	350.8	-4.900	-6.700	-4.300	2.300	-1.00	-3.00	-10.700
Texas	2009	4506.5	0.300	490.9	-3.300	4015.5	0.800	5.4	33.4	153.5	298.7	969.4	2737.2	308.9	-5.100	1.500	-1.100	-4.900	2.500	1.800	-11.900
Texas	2010	4233.3	-6.100	450.3	-8.300	3783.0	-5.800	5.0	30.3	130.6	284.4	909.1	2603.3	270.5	-7.300	-9.400	-14.900	-4.800	-6.200	-4.900	-12.400
Texas	2011	3880.8	-8.300	408.5	-9.300	3472.3	-8.200	4.4	29.0	110.6	264.5	838.3	2387.3	246.7	-11.700	-4.400	-15.300	-7.00	-7.800	-8.300	-8.800
Texas	2012	3770.4	-2.800	408.6	0.0	3361.8	-3.200	4.4	29.6	116.6	258.0	785.9	2326.4	249.4	0.100	2.100	5.400	-2.500	-6.200	-2.600	1.100
Texas	2013	3658.0	-3.00	399.8	-2.200	3258.2	-3.100	4.3	28.4	120.2	246.9	721.8	2287.8	248.6	-1.900	-4.100	3.100	-4.300	-8.200	-1.700	-0.300
Texas	2014	3413.6	-6.700	394.2	-1.400	3019.4	-7.300	4.4	30.6	115.7	243.6	627.8	2137.3	254.3	2.00	7.700	-3.800	-1.300	-13.00	-6.600	2.300
Texas	2015	3231.4	-5.300	400.1	1.500	2831.3	-6.200	4.8	32.5	116.3	246.6	557.2	2028.5	245.7	9.100	6.300	0.500	1.200	-11.200	-5.100	-3.400
Texas	2016	3181.6	-1.500	421.8	5.400	2759.8	-2.500	5.3	35.4	119.6	261.6	533.8	1978.1	247.8	10.700	8.900	2.900	6.100	-4.200	-2.500	0.900
Texas	2017	3001.5	-5.700	438.9	4.100	2562.6	-7.100	5.0	51.1	114.0	268.8	473.7	1848.5	240.4	-6.00	44.500	-4.700	2.800	-11.300	-6.600	-3.00
Texas	2018	2778.1	-7.400	410.9	-6.400	2367.2	-7.600	4.6	51.2	98.4	256.6	410.8	1713.1	243.2	-7.700	0.100	-13.600	-4.500	-13.300	-7.300	1.200
Texas	2019	2809.6	1.100	418.9	2.00	2390.7	1.00	4.9	51.1	100.0	263.0	392.8	1730.6	267.2	5.500	-0.100	1.600	2.500	-4.400	1.00	9.900
Utah	2006	3740.8		224.4		3516.4		1.8	34.1	48.8	139.7	576.5	2614.5	325.4							
Utah	2007	3735.0	-0.200	234.8	4.600	3500.3	-0.500	2.2	34.3	53.7	144.6	587.5	2579.7	333.1	21.500	0.700	9.900	3.500	1.900	-1.300	2.400
Utah	2008	3579.2	-4.200	221.8	-5.500	3357.4	-4.100	1.4	32.6	51.9	135.8	536.5	2557.9	262.9	-35.00	-4.900	-3.300	-6.00	-8.700	-0.800	-21.100
Utah	2009	3488.1	-2.500	212.7	-4.100	3275.4	-2.400	1.3	32.5	46.6	132.3	544.4	2483.0	247.9	-6.800	-0.400	-10.200	-2.600	1.500	-2.900	-5.700
Utah	2010	3392.3	-2.700	212.7	0.0	3179.6	-2.900	1.9	34.3	45.9	130.6	543.3	2421.0	215.2	44.300	5.500	-1.700	-1.200	-0.200	-2.500	-13.200
Utah	2011	3168.1	-6.600	195.0	-8.300	2973.1	-6.500	1.9	30.3	38.4	124.4	465.8	2287.8	219.5	0.0	-11.600	-16.400	-4.700	-14.300	-5.500	2.00
Utah	2012	3197.6	0.900	205.8	5.500	2991.8	0.600	1.8	33.0	38.5	132.5	453.3	2328.4	210.1	-8.600	8.900	0.400	6.500	-2.700	1.800	-4.300
Utah	2013	3159.6	-1.200	209.2	1.700	2950.4	-1.400	1.7	34.3	42.8	130.4	459.6	2233.4	257.3	-3.500	3.800	11.200	-1.500	1.400	-4.100	22.500
Utah	2014	3076.8	-2.600	198.3	-5.200	2878.5	-2.400	2.3	32.1	44.6	119.4	391.4	2239.1	248.0	34.800	-6.300	4.00	-8.500	-14.800	0.300	-3.600
Utah	2015	3197.8	3.900	217.8	9.800	2980.0	3.500	1.8	36.6	44.3	135.1	416.2	2273.2	290.6	-20.800	14.100	-0.700	13.100	6.300	1.500	17.200
Utah	2016	3181.1	-0.500	229.5	5.400	2951.5	-1.00	2.4	36.6	50.5	140.1	420.7	2223.2	307.7	30.900	-0.200	14.100	3.700	1.100	-2.200	5.900
Utah	2017	3019.1	-5.100	238.9	4.100	2780.2	-5.800	2.4	54.7	47.3	134.5	381.0	2092.1	307.2	-0.300	49.600	-6.300	-4.00	-9.400	-5.900	-0.200
Utah	2018	2610.6	-13.500	233.1	-2.400	2377.5	-14.500	1.9	55.5	39.1	136.6	315.3	1817.7	244.5	-19.300	1.400	-17.400	1.600	-17.200	-13.100	-20.400
Utah	2019	2404.9	-7.900	235.6	1.100	2169.3	-8.800	2.2	56.8	35.1	141.4	276.7	1682.4	210.2	18.300	2.500	-10.300	3.500	-12.300	-7.400	-14.00
Vermont	2006	2441.2		136.6		2304.7		1.9	24.0	17.6	93.0	528.9	1681.8	93.9							
Vermont	2007	2447.0	0.200	124.3	-9.00	2322.7	0.800	1.9	19.8	12.9	89.7	500.0	1719.6	103.2	0.400	-17.600	-27.00	-3.600	-5.500	2.200	9.900
Vermont	2008	2674.4	9.300	135.9	9.300	2538.5	9.300	2.7	20.4	14.3	98.3	557.2	1887.1	94.2	41.700	3.200	11.200	9.700	11.500	9.700	-8.700
Vermont	2009	2532.8	-5.300	131.4	-3.300	2401.4	-5.400	1.1	19.9	17.9	92.5	555.2	1774.2	72.1	-58.900	-2.400	24.600	-6.00	-0.400	-6.00	-23.500
Vermont	2010	2412.5	-4.800	130.2	-0.900	2282.3	-5.00	1.1	21.1	11.8	96.2	537.9	1673.9	70.5	-0.600	5.800	-33.800	4.00	-3.100	-5.700	-2.200
Vermont	2011	2444.2	1.300	135.2	3.800	2309.0	1.200	1.3	19.0	13.6	101.4	581.5	1647.7	79.7	14.200	-9.900	14.700	5.400	8.100	-1.600	13.00
Vermont	2012	2541.3	4.00	142.6	5.500	2398.7	3.900	1.3	19.3	17.9	104.2	633.4	1695.8	69.5	0.100	1.700	31.900	2.700	8.900	2.900	-12.800
Vermont	2013	2329.1	-8.400	114.9	-19.500	2214.2	-7.700	1.6	14.5	11.6	87.1	528.7	1632.2	53.3	24.900	-24.900	-34.900	-16.300	-16.500	-3.800	-23.300
Vermont	2014	1621.9	-30.400	97.5	-15.100	1524.4	-31.200	1.6	15.8	11.2	68.9	324.6	1160.8	38.9	0.0	8.800	-4.100	-20.900	-38.600	-28.900	-26.900
Vermont	2015	1522.3	-6.100	115.6	18.600	1406.6	-7.700	1.6	19.3	16.1	78.6	314.4	1063.8	28.4	0.100	22.300	44.400	14.00	-3.200	-8.400	-27.00
Vermont	2016	1847.1	21.300	149.7	29.400	1697.4	20.700	2.2	19.9	17.0	110.6	336.7	1315.6	45.1	40.300	2.700	5.200	40.800	7.100	23.700	58.800
Vermont	2017	1602.5	-13.200	165.8	10.800	1436.7	-15.400	2.2	35.0	14.8	113.8	297.3	1108.3	31.1	0.200	76.100	-13.100	2.900	-11.700	-15.800	-31.100
Vermont	2018	1455.1	-9.200	172.0	3.700	1283.1	-10.700	1.6	45.8	11.2	113.4	234.2	1008.5	40.4	-28.900	31.100	-24.200	-0.400	-21.200	-9.00	29.900
Vermont	2019	1626.6	11.800	202.2	17.600	1424.4	11.00	1.8	44.6	11.4	144.6	204.3	1172.3	47.8	10.400	-2.800	1.800	27.500	-12.800	16.200	18.200
Virginia	2006	2760.4		282.2		2478.2		5.2	23.4	101.4	152.1	417.6	1866.8	193.8							
Virginia	2007	2736.1	-0.900	269.7	-4.400	2466.4	-0.500	5.3	22.6	99.2	142.6	410.9	1873.3	182.2	0.800	-3.500	-2.200	-6.300	-1.600	0.300	-6.00
Virginia	2008	2774.0	1.400	255.9	-5.100	2518.1	2.100	4.7	22.6	95.7	132.8	411.8	1935.6	170.7	-10.0	0.0	-3.500	-6.800	0.200	3.300	-6.300
Virginia	2009	2655.6	-4.300	226.8	-11.400	2428.8	-3.500	4.4	19.2	79.4	123.9	400.6	1883.4	144.9	-7.100	-15.300	-17.100	-6.700	-2.700	-2.700	-15.100
Virginia	2010	2540.7	-4.300	213.6	-5.800	2327.2	-4.200	4.6	19.1	70.7	119.1	382.8	1812.5	131.8	4.800	-0.100	-10.900	-3.900	-4.400	-3.800	-9.00
Virginia	2011	2446.3	-3.700	196.7	-7.900	2249.6	-3.300	3.7	19.0	67.1	106.9	377.9	1751.6	120.1	-18.900	-0.900	-5.100	-10.300	-1.300	-3.400	-8.900
Virginia	2012	2352.2	-3.800	190.1	-3.300	2162.1	-3.900	3.8	17.7	57.5	111.1	360.5	1690.7	110.9	2.500	-6.500	-14.300	3.900	-4.600	-3.500	-7.700
Virginia	2013	2253.9	-4.200	187.9	-1.200	2065.9	-4.400	3.8	19.1	55.3	109.7	322.5	1640.1	103.3	-0.300	7.900	-3.900	-1.200	-10.500	-3.00	-6.800
Virginia	2014	2116.0	-6.100	185.7	-1.200	1930.3	-6.600	4.1	17.2	51.5	112.9	277.7	1560.5	92.1	6.100	-10.100	-6.700	2.900	-13.900	-4.900	-10.900
Virginia	2015	2052.0	-3.00	185.5	-0.100	1866.5	-3.300	4.6	17.8	53.0	110.2	254.6	1515.2	96.8	12.500	3.600	2.800	-2.400	-8.300	-2.900	5.100
Virginia	2016	2067.8	0.800	208.4	12.300	1859.4	-0.400	5.8	23.4	57.1	122.2	238.0	1505.1	116.4	25.900	31.200	7.800	10.900	-6.500	-0.700	20.300
Virginia	2017	2001.0	-3.200	208.2	-0.100	1792.9	-3.600	5.3	33.8	51.1	117.9	218.0	1454.7	120.1	-7.00	44.600	-10.400	-3.500	-8.400	-3.300	3.200
Virginia	2018	1865.7	-6.800	200.0	-3.900	1665.8	-7.100	4.6	34.3	42.3	118.7	182.8	1356.4	126.5	-14.200	1.600	-17.300	0.700	-16.100	-6.800	5.400
Virginia	2019	1850.7	-0.800	208.0	4.00	1642.7	-1.400	5.0	33.0	41.3	128.7	162.8	1359.5	120.3	8.700	-3.900	-2.400	8.400	-10.900	0.200	-4.900
Washington	2006	4825.9		345.9		4480.0		3.0	42.9	100.1	199.8	911.6	2850.7	717.6							
Washington	2007	4363.9	-9.600	333.1	-3.700	4030.8	-10.0	2.7	40.6	93.6	196.2	814.8	2634.4	581.6	-10.0	-5.300	-6.600	-1.800	-10.600	-7.600	-19.00
Washington	2008	4089.6	-6.300	331.2	-0.600	3758.4	-6.800	2.9	40.1	96.9	191.2	801.3	2524.6	432.6	9.600	-1.300	3.600	-2.500	-1.700	-4.200	-25.600
Washington	2009	3997.8	-2.200	331.0	-0.100	3666.9	-2.400	2.7	38.1	100.5	189.7	792.2	2519.4	355.3	-8.400	-5.100	3.700	-0.800	-1.100	-0.200	-17.900
Washington	2010	4020.4	0.600	313.8	-5.200	3706.6	1.100	2.3	38.1	88.2	185.3	820.3	2503.7	382.6	-15.800	0.0	-12.300	-2.300	3.600	-0.600	7.700
Washington	2011	3869.2	-3.800	294.6	-6.100	3574.6	-3.600	2.4	33.5	82.5	176.1	827.7	2383.3	363.6	4.900	-12.00	-6.400	-4.900	0.900	-4.800	-5.00
Washington	2012	3954.2	2.200	295.6	0.300	3658.6	2.300	3.0	31.8	83.3	177.5	880.5	2395.3	382.8	25.900	-5.200	0.900	0.800	6.400	0.500	5.300
Washington	2013	3988.3	0.900	277.9	-6.00	3710.3	1.400	2.3	25.8	83.5	166.4	837.0	2465.9	407.4	-23.200	-18.900	0.200	-6.200	-4.900	2.900	6.400
Washington	2014	3983.8	-0.100	277.7	-0.100	3706.1	-0.100	2.5	30.7	79.9	164.7	783.0	2489.1	434.0	7.400	19.300	-4.300	-1.100	-6.500	0.900	6.500
Washington	2015	3741.1	-6.100	277.3	-0.200	3463.8	-6.500	2.9	30.6	76.0	167.8	711.2	2378.0	374.7	19.400	-0.500	-4.900	1.900	-9.200	-4.500	-13.700
Washington	2016	3785.1	1.200	291.0	4.900	3494.1	0.900	2.7	31.0	77.5	179.7	674.8	2376.3	443.0	-9.100	1.300	2.00	7.100	-5.100	-0.100	18.200
Washington	2017	3478.0	-8.100	304.5	4.600	3173.6	-9.200	3.1	44.0	72.8	184.6	590.4	2194.4	388.8	16.100	41.800	-6.100	2.700	-12.500	-7.700	-12.200
Washington	2018	3257.6	-6.300	311.5	2.300	2946.2	-7.200	3.1	45.3	73.9	189.1	533.5	2045.4	367.3	0.800	3.00	1.600	2.400	-9.600	-6.800	-5.500
Washington	2019	2975.8	-8.700	293.9	-5.700	2681.9	-9.00	2.6	43.8	67.6	179.9	453.6	1907.9	320.5	-17.00	-3.400	-8.600	-4.900	-15.00	-6.700	-12.800
West Virginia	2006	2901.3		279.7		2621.5		4.1	21.4	46.9	207.3	634.1	1771.8	215.6							
West Virginia	2007	2800.2	-3.500	275.2	-1.600	2525.0	-3.700	3.5	20.4	47.0	204.3	596.8	1735.5	192.7	-14.400	-4.800	0.200	-1.500	-5.900	-2.100	-10.600
West Virginia	2008	2842.4	1.500	273.8	-0.500	2568.6	1.700	3.3	20.0	49.0	201.5	609.9	1782.2	176.6	-6.400	-2.00	4.200	-1.300	2.200	2.700	-8.400
West Virginia	2009	2823.3	-0.700	296.5	8.300	2526.7	-1.600	4.6	23.8	50.4	217.7	656.7	1719.4	150.6	39.600	19.300	2.800	8.00	7.700	-3.500	-14.700
West Virginia	2010	2554.2	-9.500	314.6	6.100	2239.6	-11.400	3.3	19.1	44.7	247.5	580.5	1531.7	127.4	-27.500	-19.700	-11.300	13.700	-11.600	-10.900	-15.400
West Virginia	2011	2589.8	1.400	315.9	0.400	2273.9	1.500	4.3	20.9	49.0	241.6	603.2	1549.2	121.5	28.900	9.500	9.800	-2.400	3.900	1.100	-4.700
West Virginia	2012	2681.2	3.500	316.3	0.100	2364.9	4.00	3.9	22.7	45.2	244.6	608.5	1637.3	119.1	-10.0	8.500	-7.900	1.200	0.900	5.700	-2.00
West Virginia	2013	2393.6	-10.700	289.7	-8.400	2103.9	-11.00	3.3	24.6	35.1	226.7	521.7	1478.9	103.3	-15.200	8.400	-22.300	-7.300	-14.300	-9.700	-13.200
West Virginia	2014	2324.8	-2.900	290.1	0.200	2034.7	-3.300	4.0	15.4	35.2	235.5	484.9	1447.3	102.5	21.600	-37.400	0.200	3.900	-7.00	-2.100	-0.800
West Virginia	2015	2344.2	0.800	324.2	11.800	2020.0	-0.700	3.8	22.8	41.2	256.4	497.3	1401.3	121.4	-5.100	47.900	17.100	8.900	2.500	-3.200	18.500
West Virginia	2016	2395.0	2.200	347.8	7.300	2047.2	1.300	4.4	25.6	39.3	278.5	507.9	1402.3	137.0	16.500	12.200	-4.600	8.600	2.200	0.100	12.900
West Virginia	2017	2202.7	-8.00	350.7	0.800	1852.0	-9.500	4.7	43.8	28.9	273.4	420.1	1266.6	165.3	5.800	71.300	-26.600	-1.800	-17.300	-9.700	20.700
West Virginia	2018	1775.5	-19.400	289.9	-17.300	1485.6	-19.800	3.7	36.1	31.7	218.5	296.5	1049.6	139.5	-20.700	-17.500	9.800	-20.100	-29.400	-17.100	-15.600
West Virginia	2019	1900.0	7.00	316.6	9.200	1583.4	6.600	4.4	42.1	21.1	249.1	328.7	1119.7	135.0	17.300	16.500	-33.400	14.00	10.900	6.700	-3.200
Wisconsin	2006	3101.8		284.0		2817.8		3.0	20.4	100.2	160.6	485.8	2079.5	252.5							
Wisconsin	2007	3128.6	0.900	290.9	2.400	2837.7	0.700	3.3	21.8	97.7	168.1	497.0	2100.9	239.8	10.700	7.300	-2.500	4.700	2.300	1.00	-5.00
Wisconsin	2008	3030.4	-3.100	274.0	-5.800	2756.4	-2.900	2.6	19.9	91.1	160.4	488.3	2063.4	204.7	-20.600	-8.900	-6.800	-4.600	-1.800	-1.800	-14.600
Wisconsin	2009	2865.2	-5.500	257.0	-6.200	2608.2	-5.400	2.5	19.6	85.8	149.1	472.9	1977.4	157.8	-1.800	-1.500	-5.800	-7.100	-3.200	-4.200	-22.900
Wisconsin	2010	2756.4	-3.800	248.7	-3.200	2507.7	-3.900	2.7	20.9	79.2	145.9	467.1	1897.5	143.1	7.00	6.500	-7.700	-2.200	-1.200	-4.00	-9.300
Wisconsin	2011	2669.6	-3.100	236.9	-4.700	2432.7	-3.00	2.4	20.4	78.2	135.9	466.7	1821.9	144.1	-12.600	-2.400	-1.200	-6.800	-0.100	-4.00	0.700
Wisconsin	2012	2734.3	2.400	280.5	18.400	2453.8	0.900	3.0	21.3	80.7	175.5	488.0	1822.3	143.5	26.900	4.500	3.200	29.100	4.600	0.0	-0.400
Wisconsin	2013	2459.8	-10.0	271.1	-3.400	2188.7	-10.800	2.8	22.6	84.2	161.6	424.0	1636.0	128.6	-6.600	6.00	4.300	-7.900	-13.100	-10.200	-10.300
Wisconsin	2014	2369.9	-3.700	281.5	3.800	2088.3	-4.600	2.9	20.3	88.0	170.4	368.5	1547.6	172.3	1.600	-10.100	4.500	5.500	-13.100	-5.400	33.900
Wisconsin	2015	2270.1	-4.200	296.1	5.200	1974.0	-5.500	4.2	21.2	90.7	180.1	338.8	1444.8	190.3	45.100	4.500	3.00	5.700	-8.100	-6.600	10.500
Wisconsin	2016	2230.2	-1.800	296.9	0.300	1933.3	-2.100	4.0	25.2	81.4	186.3	336.1	1424.8	172.3	-4.700	19.00	-10.200	3.400	-0.800	-1.400	-9.500
Wisconsin	2017	2128.2	-4.600	319.9	7.700	1808.3	-6.500	3.2	36.9	75.0	204.8	303.7	1341.3	163.4	-19.00	46.300	-7.900	9.900	-9.700	-5.900	-5.200
Wisconsin	2018	1855.3	-12.800	295.4	-7.600	1559.9	-13.700	3.0	38.7	60.0	193.7	242.5	1168.9	148.5	-5.700	4.800	-20.0	-5.400	-20.100	-12.900	-9.100
Wisconsin	2019	1764.6	-4.900	293.2	-0.800	1471.4	-5.700	3.0	38.8	51.4	200.0	217.6	1127.0	126.8	-0.700	0.400	-14.400	3.200	-10.300	-3.600	-14.600
Wyoming	2006	3220.2		239.6		2980.6		1.7	27.2	14.0	196.7	450.5	2379.4	150.7							
Wyoming	2007	3105.2	-3.600	239.3	-0.100	2865.9	-3.800	3.1	30.6	16.1	189.5	449.1	2264.6	152.2	75.100	12.600	14.900	-3.600	-0.300	-4.800	1.00
Wyoming	2008	2949.3	-5.00	232.0	-3.00	2717.3	-5.200	1.9	33.8	16.1	180.2	410.0	2173.4	133.9	-38.700	10.400	0.500	-4.900	-8.700	-4.00	-12.100
Wyoming	2009	2865.5	-2.800	228.2	-1.700	2637.3	-2.900	2.4	33.8	14.1	177.9	409.7	2085.9	141.7	27.200	0.0	-12.400	-1.300	-0.100	-4.00	5.800
Wyoming	2010	2657.4	-7.300	195.9	-14.200	2461.6	-6.700	1.4	29.1	13.5	151.9	381.3	1975.4	104.9	-40.600	-13.900	-4.700	-14.600	-6.900	-5.300	-26.00
Wyoming	2011	2485.8	-6.500	219.3	12.00	2266.4	-7.900	3.2	25.7	12.5	177.9	327.9	1846.8	91.7	123.200	-11.700	-7.300	17.200	-14.00	-6.500	-12.500
Wyoming	2012	2495.3	0.400	201.4	-8.200	2293.8	1.200	2.4	26.7	10.6	161.7	368.7	1823.9	101.3	-23.300	4.00	-15.300	-9.100	12.400	-1.200	10.500
Wyoming	2013	2396.1	-4.00	197.7	-1.800	2198.4	-4.200	2.9	24.7	12.9	157.2	335.5	1763.6	99.2	20.100	-7.500	21.600	-2.800	-9.00	-3.300	-2.100
Wyoming	2014	2152.0	-10.200	187.3	-5.300	1964.7	-10.600	2.7	21.6	9.1	153.9	289.1	1572.4	103.2	-6.100	-12.700	-29.500	-2.100	-13.800	-10.800	4.100
Wyoming	2015	2116.5	-1.600	214.0	14.200	1902.6	-3.200	2.7	21.3	10.1	179.8	300.6	1500.9	101.0	-0.300	-1.100	10.900	16.900	4.00	-4.500	-2.200
Wyoming	2016	2192.1	3.600	234.8	9.800	1957.3	2.900	3.4	25.6	10.1	195.7	302.5	1518.2	136.6	25.100	20.100	0.100	8.800	0.600	1.200	35.300
Wyoming	2017	2068.0	-5.700	237.5	1.100	1830.4	-6.500	2.6	45.4	13.1	176.4	275.0	1421.0	134.5	-24.200	77.200	30.200	-9.900	-9.100	-6.400	-1.600
Wyoming	2018	1997.3	-3.400	212.2	-10.700	1785.1	-2.500	2.3	42.1	17.3	150.6	264.0	1375.9	145.2	-13.100	-7.400	31.900	-14.600	-4.00	-3.200	8.00
Wyoming	2019	1788.5	-10.500	217.4	2.400	1571.1	-12.00	2.2	56.0	11.6	147.6	241.2	1206.7	123.2	-0.200	33.100	-33.100	-2.00	-8.600	-12.300	-15.200
